# wine-commit	2ecc2f84b45ec42afbf1725d756181180a8204b1
# wine-spec-blob	10d42eeb1387204518711814923e19b6bbed25cf
# wine-spec-sha256	25fafa3c7f9c2f981f1dcd70ee4315d8dedb13a695a20528a80843df86fff15c
# architecture	x86_64
# line	name	kind	args	flags	alias	wine-extension
6	A_SHAFinal	stdcall	ptr,ptr	-	-	0
7	A_SHAInit	stdcall	ptr	-	-	0
8	A_SHAUpdate	stdcall	ptr,ptr,long	-	-	0
9	AlpcGetHeaderSize	stdcall	long	-	-	0
11	AlpcGetMessageAttribute	stdcall	ptr,long	-	-	0
10	AlpcInitializeMessageAttribute	stdcall	long,ptr,long,ptr	-	-	0
12	ApiSetQueryApiSetPresence	stdcall	ptr,ptr	-	-	0
13	ApiSetQueryApiSetPresenceEx	stdcall	ptr,ptr,ptr	-	-	0
14	CsrAllocateCaptureBuffer	stub	-	-	-	0
15	CsrAllocateCapturePointer	stub	-	-	-	0
16	CsrAllocateMessagePointer	stub	-	-	-	0
17	CsrCaptureMessageBuffer	stub	-	-	-	0
19	CsrCaptureMessageString	stub	-	-	-	0
20	CsrCaptureTimeout	stub	-	-	-	0
21	CsrClientCallServer	stub	-	-	-	0
22	CsrClientConnectToServer	stub	-	-	-	0
23	CsrClientMaxMessage	stub	-	-	-	0
24	CsrClientSendMessage	stub	-	-	-	0
25	CsrClientThreadConnect	stub	-	-	-	0
26	CsrFreeCaptureBuffer	stub	-	-	-	0
28	CsrIdentifyAlertableThread	stub	-	-	-	0
29	CsrNewThread	stub	-	-	-	0
30	CsrProbeForRead	stub	-	-	-	0
31	CsrProbeForWrite	stub	-	-	-	0
32	CsrSetPriorityClass	stub	-	-	-	0
33	CsrpProcessCallbackRequest	stub	-	-	-	0
34	DbgBreakPoint	stdcall	-	-	-	0
35	DbgPrint	varargs	str	-	-	0
36	DbgPrintEx	varargs	long,long,str	-	-	0
38	DbgPrompt	stub	-	-	-	0
41	DbgUiConnectToDbg	stdcall	-	-	-	0
42	DbgUiContinue	stdcall	ptr,long	-	-	0
43	DbgUiConvertStateChangeStructure	stdcall	ptr,ptr	-	-	0
44	DbgUiDebugActiveProcess	stdcall	long	-	-	0
45	DbgUiGetThreadDebugObject	stdcall	-	-	-	0
46	DbgUiIssueRemoteBreakin	stdcall	long	-	-	0
47	DbgUiRemoteBreakin	stdcall	ptr	-	-	0
48	DbgUiSetThreadDebugObject	stdcall	long	-	-	0
49	DbgUiStopDebugging	stdcall	long	-	-	0
50	DbgUiWaitStateChange	stdcall	ptr,ptr	-	-	0
51	DbgUserBreakPoint	stdcall	-	-	-	0
52	EtwEventActivityIdControl	stdcall	long,ptr	-	-	0
53	EtwEventEnabled	stdcall	int64,ptr	-	-	0
54	EtwEventProviderEnabled	stdcall	int64,long,int64	-	-	0
55	EtwEventRegister	stdcall	ptr,ptr,ptr,ptr	-	-	0
56	EtwEventSetInformation	stdcall	int64,long,ptr,long	-	-	0
57	EtwEventUnregister	stdcall	int64	-	-	0
58	EtwEventWrite	stdcall	int64,ptr,long,ptr	-	-	0
59	EtwEventWriteEx	stdcall	int64,ptr,int64,long,ptr,ptr,long,ptr	-	-	0
60	EtwEventWriteString	stdcall	int64,long,int64,wstr	-	-	0
61	EtwEventWriteTransfer	stdcall	int64,ptr,ptr,ptr,long,ptr	-	-	0
62	EtwGetTraceEnableFlags	stdcall	int64	-	-	0
63	EtwGetTraceEnableLevel	stdcall	int64	-	-	0
64	EtwGetTraceLoggerHandle	stdcall	ptr	ret64	-	0
65	EtwLogTraceEvent	stdcall	int64,ptr	-	-	0
66	EtwRegisterTraceGuidsA	stdcall	ptr,ptr,ptr,long,ptr,str,str,ptr	-	-	0
67	EtwRegisterTraceGuidsW	stdcall	ptr,ptr,ptr,long,ptr,wstr,wstr,ptr	-	-	0
68	EtwTraceMessage	varargs	int64,long,ptr,long	-	-	0
69	EtwTraceMessageVa	stdcall	int64,long,ptr,long,ptr	-	-	0
70	EtwUnregisterTraceGuids	stdcall	int64	-	-	0
74	KiRaiseUserExceptionDispatcher	stdcall	-	norelay	-	0
75	KiUserApcDispatcher	stdcall	ptr,long,long,long,ptr	norelay	-	0
76	KiUserCallbackDispatcher	stdcall	long,ptr,long	norelay	-	0
79	KiUserExceptionDispatcher	stdcall	ptr,ptr	norelay	-	0
81	LdrAccessResource	stdcall	long,ptr,ptr,ptr	-	-	0
82	LdrAddDllDirectory	stdcall	ptr,ptr	-	-	0
83	LdrAddRefDll	stdcall	long,ptr	-	-	0
87	LdrDisableThreadCalloutsForDll	stdcall	long	-	-	0
88	LdrEnumResources	stub	-	-	-	0
89	LdrEnumerateLoadedModules	stdcall	ptr,ptr,ptr	-	-	0
91	LdrFindEntryForAddress	stdcall	ptr,ptr	-	-	0
92	LdrFindResourceDirectory_U	stdcall	long,ptr,long,ptr	-	-	0
94	LdrFindResource_U	stdcall	long,ptr,long,ptr	-	-	0
95	LdrFlushAlternateResourceModules	stub	-	-	-	0
96	LdrGetDllDirectory	stdcall	ptr	-	-	0
97	LdrGetDllFullName	stdcall	long,ptr	-	-	0
98	LdrGetDllHandle	stdcall	wstr,long,ptr,ptr	-	-	0
99	LdrGetDllHandleEx	stdcall	long,ptr,ptr,ptr,ptr	-	-	0
101	LdrGetDllPath	stdcall	wstr,long,ptr,ptr	-	-	0
102	LdrGetProcedureAddress	stdcall	ptr,ptr,long,ptr	-	-	0
104	LdrInitShimEngineDynamic	stub	-	-	-	0
105	LdrInitializeThunk	stdcall	ptr,long,long,long	-	-	0
106	LdrLoadAlternateResourceModule	stub	-	-	-	0
107	LdrLoadDll	stdcall	wstr,ptr,ptr,ptr	-	-	0
108	LdrLockLoaderLock	stdcall	long,ptr,ptr	-	-	0
109	LdrProcessRelocationBlock	stdcall	ptr,long,ptr,long	-	-	0
110	LdrQueryImageFileExecutionOptions	stdcall	ptr,wstr,long,ptr,long,ptr	-	-	0
111	LdrQueryProcessModuleInformation	stdcall	ptr,long,ptr	-	-	0
112	LdrRegisterDllNotification	stdcall	long,ptr,ptr,ptr	-	-	0
113	LdrRemoveDllDirectory	stdcall	ptr	-	-	0
114	LdrResolveDelayLoadedAPI	stdcall	ptr,ptr,ptr,ptr,ptr,long	-	-	0
115	LdrSetAppCompatDllRedirectionCallback	stub	-	-	-	0
116	LdrSetDefaultDllDirectories	stdcall	long	-	-	0
117	LdrSetDllDirectory	stdcall	ptr	-	-	0
118	LdrSetDllManifestProber	stub	-	-	-	0
119	LdrShutdownProcess	stdcall	-	-	-	0
120	LdrShutdownThread	stdcall	-	-	-	0
121	LdrSystemDllInitBlock	extern	-	-	-	0
122	LdrUnloadAlternateResourceModule	stub	-	-	-	0
123	LdrUnloadDll	stdcall	ptr	-	-	0
124	LdrUnlockLoaderLock	stdcall	long,long	-	-	0
125	LdrUnregisterDllNotification	stdcall	ptr	-	-	0
126	LdrVerifyImageMatchesChecksum	stub	-	-	-	0
127	MD4Final	stdcall	ptr	-	-	0
128	MD4Init	stdcall	ptr	-	-	0
129	MD4Update	stdcall	ptr,ptr,long	-	-	0
130	MD5Final	stdcall	ptr	-	-	0
131	MD5Init	stdcall	ptr	-	-	0
132	MD5Update	stdcall	ptr,ptr,long	-	-	0
133	NlsAnsiCodePage	extern	-	-	-	0
134	NlsMbCodePageTag	extern	-	-	-	0
135	NlsMbOemCodePageTag	extern	-	-	-	0
136	NtAcceptConnectPort	stdcall	ptr,long,ptr,long,ptr,ptr	syscall=0x0002	-	0
137	NtAccessCheck	stdcall	ptr,long,long,ptr,ptr,ptr,ptr,ptr	syscall=0x0000	-	0
138	NtAccessCheckAndAuditAlarm	stdcall	ptr,long,ptr,ptr,ptr,long,ptr,long,ptr,ptr,ptr	syscall=0x0029	-	0
140	NtAccessCheckByTypeAndAuditAlarm	stdcall	ptr,long,ptr,ptr,ptr,ptr,long,long,long,ptr,long,ptr,long,ptr,ptr,ptr	syscall=0x0059	-	0
144	NtAddAtom	stdcall	ptr,long,ptr	syscall=0x0047	-	0
146	NtAdjustGroupsToken	stdcall	long,long,ptr,long,ptr,ptr	syscall	-	0
147	NtAdjustPrivilegesToken	stdcall	long,long,ptr,long,ptr,ptr	syscall=0x0041	-	0
148	NtAlertMultipleThreadByThreadId	stdcall	ptr,long,ptr,ptr	syscall	-	0
149	NtAlertResumeThread	stdcall	long,ptr	syscall	-	0
150	NtAlertThread	stdcall	long	syscall	-	0
151	NtAlertThreadByThreadId	stdcall	ptr	syscall	-	0
152	NtAllocateLocallyUniqueId	stdcall	ptr	syscall	-	0
153	NtAllocateReserveObject	stdcall	ptr,ptr,long	syscall	-	0
155	NtAllocateUuids	stdcall	ptr,ptr,ptr,ptr	syscall	-	0
156	NtAllocateVirtualMemory	stdcall	long,ptr,long,ptr,long,long	syscall=0x0018	-	0
157	NtAllocateVirtualMemoryEx	stdcall	long,ptr,ptr,long,long,ptr,long	syscall	-	0
158	NtAlpcAcceptConnectPort	stdcall	ptr,ptr,long,ptr,ptr,ptr,ptr,ptr,long	syscall	-	0
159	NtAlpcConnectPort	stdcall	ptr,ptr,ptr,ptr,long,ptr,ptr,ptr,ptr,ptr,ptr	syscall	-	0
160	NtAlpcCreatePort	stdcall	ptr,ptr,ptr	syscall	-	0
161	NtAlpcDisconnectPort	stdcall	ptr,long	syscall	-	0
162	NtAlpcImpersonateClientOfPort	stdcall	ptr,ptr,ptr	syscall	-	0
163	NtAlpcSendWaitReceivePort	stdcall	ptr,long,ptr,ptr,ptr,ptr,ptr,ptr	syscall	-	0
164	NtApphelpCacheControl	stub	-	syscall=0x004c	-	0
165	NtAreMappedFilesTheSame	stdcall	ptr,ptr	syscall	-	0
166	NtAssignProcessToJobObject	stdcall	long,long	syscall	-	0
167	NtCallbackReturn	stdcall	ptr,long,long	syscall=0x0005	-	0
168	NtCancelIoFile	stdcall	long,ptr	syscall=0x005d	-	0
169	NtCancelIoFileEx	stdcall	long,ptr,ptr	syscall	-	0
170	NtCancelSynchronousIoFile	stdcall	long,ptr,ptr	syscall	-	0
171	NtCancelTimer	stdcall	long,ptr	syscall=0x0061	-	0
172	NtClearEvent	stdcall	long	syscall=0x003e	-	0
173	NtClose	stdcall	long	syscall=0x000f	-	0
174	NtCloseObjectAuditAlarm	stdcall	ptr,long,long	syscall=0x003b	-	0
175	NtCommitTransaction	stdcall	long,long	syscall	-	0
177	NtCompareObjects	stdcall	ptr,ptr	syscall	-	0
178	NtCompareTokens	stdcall	ptr,ptr,ptr	syscall	-	0
179	NtCompleteConnectPort	stdcall	ptr	syscall	-	0
181	NtConnectPort	stdcall	ptr,ptr,ptr,ptr,ptr,ptr,ptr,ptr	syscall	-	0
182	NtContinue	stdcall	ptr,long	syscall=0x0043	-	0
183	NtContinueEx	stdcall	ptr,ptr	syscall	-	0
184	NtConvertBetweenAuxiliaryCounterAndPerformanceCounter	stdcall	long,ptr,ptr,ptr	syscall	-	0
185	NtCreateDebugObject	stdcall	ptr,long,ptr,long	syscall=0x00a6	-	0
186	NtCreateDirectoryObject	stdcall	ptr,long,ptr	syscall	-	0
187	NtCreateEvent	stdcall	ptr,long,ptr,long,long	syscall=0x0048	-	0
189	NtCreateFile	stdcall	ptr,long,ptr,ptr,ptr,long,long,long,long,ptr,long	syscall=0x0055	-	0
190	NtCreateIoCompletion	stdcall	ptr,long,ptr,long	syscall	-	0
191	NtCreateJobObject	stdcall	ptr,long,ptr	syscall	-	0
193	NtCreateKey	stdcall	ptr,long,ptr,long,ptr,long,ptr	syscall=0x001d	-	0
194	NtCreateKeyTransacted	stdcall	ptr,long,ptr,long,ptr,long,long,ptr	syscall	-	0
195	NtCreateKeyedEvent	stdcall	ptr,long,ptr,long	syscall	-	0
196	NtCreateLowBoxToken	stdcall	ptr,long,long,ptr,ptr,long,ptr,long,ptr	syscall	-	0
197	NtCreateMailslotFile	stdcall	ptr,long,ptr,ptr,long,long,long,ptr	syscall	-	0
198	NtCreateMutant	stdcall	ptr,long,ptr,long	syscall	-	0
199	NtCreateNamedPipeFile	stdcall	ptr,long,ptr,ptr,long,long,long,long,long,long,long,long,long,ptr	syscall	-	0
200	NtCreatePagingFile	stdcall	ptr,ptr,ptr,ptr	syscall	-	0
201	NtCreatePort	stdcall	ptr,ptr,long,long,ptr	syscall	-	0
203	NtCreateProcessEx	stub	-	syscall=0x004d	-	0
205	NtCreateSection	stdcall	ptr,long,ptr,ptr,long,long,long	syscall=0x004a	-	0
206	NtCreateSectionEx	stdcall	ptr,long,ptr,ptr,long,long,long,ptr,long	syscall	-	0
207	NtCreateSemaphore	stdcall	ptr,long,ptr,long,long	syscall	-	0
208	NtCreateSymbolicLinkObject	stdcall	ptr,long,ptr,ptr	syscall	-	0
209	NtCreateThread	stdcall	ptr,long,ptr,long,ptr,ptr,ptr,long	syscall=0x004e	-	0
210	NtCreateThreadEx	stdcall	ptr,long,ptr,long,ptr,ptr,long,long,long,long,ptr	syscall	-	0
211	NtCreateTimer	stdcall	ptr,long,ptr,long	syscall	-	0
212	NtCreateToken	stdcall	ptr,long,ptr,long,ptr,ptr,ptr,ptr,ptr,ptr,ptr,ptr,ptr	syscall	-	0
213	NtCreateTransaction	stdcall	ptr,long,ptr,ptr,long,long,long,long,ptr,ptr	syscall	-	0
214	NtCreateUserProcess	stdcall	ptr,ptr,long,long,ptr,ptr,long,long,ptr,ptr,ptr	syscall	-	0
217	NtDebugActiveProcess	stdcall	long,long	syscall	-	0
218	NtDebugContinue	stdcall	long,ptr,long	syscall	-	0
219	NtDelayExecution	stdcall	long,ptr	syscall=0x0034	-	0
220	NtDeleteAtom	stdcall	long	syscall	-	0
222	NtDeleteFile	stdcall	ptr	syscall	-	0
223	NtDeleteKey	stdcall	long	syscall	-	0
225	NtDeleteValueKey	stdcall	long,ptr	syscall	-	0
226	NtDeviceIoControlFile	stdcall	long,long,ptr,ptr,ptr,long,ptr,long,ptr,long	syscall=0x0007	-	0
227	NtDisplayString	stdcall	ptr	syscall	-	0
228	NtDuplicateObject	stdcall	long,long,long,ptr,long,long,long	syscall=0x003c	-	0
229	NtDuplicateToken	stdcall	long,long,ptr,long,long,ptr	syscall=0x0042	-	0
231	NtEnumerateKey	stdcall	long,long,long,ptr,long,ptr	syscall=0x0032	-	0
233	NtEnumerateValueKey	stdcall	long,long,long,ptr,long,ptr	syscall=0x0013	-	0
235	NtFilterToken	stdcall	long,long,ptr,ptr,ptr,ptr	syscall	-	0
236	NtFindAtom	stdcall	ptr,long,ptr	syscall=0x0014	-	0
237	NtFlushBuffersFile	stdcall	long,ptr	syscall=0x004b	-	0
238	NtFlushBuffersFileEx	stdcall	long,long,ptr,long,ptr	syscall	-	0
239	NtFlushInstructionCache	stdcall	long,ptr,long	syscall	-	0
240	NtFlushKey	stdcall	long	syscall	-	0
241	NtFlushProcessWriteBuffers	stdcall	-	syscall	-	0
242	NtFlushVirtualMemory	stdcall	long,ptr,ptr,ptr	syscall	-	0
245	NtFreeVirtualMemory	stdcall	long,ptr,ptr,long	syscall=0x001e	-	0
246	NtFsControlFile	stdcall	long,long,ptr,ptr,ptr,long,ptr,long,ptr,long	syscall=0x0039	-	0
247	NtGetContextThread	stdcall	long,ptr	norelay;syscall	-	0
248	NtGetCurrentProcessorNumber	stdcall	-	syscall	-	0
250	NtGetNextProcess	stdcall	ptr,long,long,long,ptr	syscall	-	0
251	NtGetNextThread	stdcall	ptr,ptr,long,long,long,ptr	syscall	-	0
252	NtGetNlsSectionPtr	stdcall	long,long,long,ptr,ptr	syscall	-	0
254	NtGetTickCount	stdcall	-	-	-	0
255	NtGetWriteWatch	stdcall	long,long,ptr,long,ptr,ptr,ptr	syscall	-	0
256	NtImpersonateAnonymousToken	stdcall	long	syscall	-	0
257	NtImpersonateClientOfPort	stdcall	long,ptr	syscall=0x001f	-	0
259	NtInitializeNlsFiles	stdcall	ptr,ptr,ptr	syscall	-	0
261	NtInitiatePowerAction	stdcall	long,long,long,long	syscall	-	0
262	NtIsProcessInJob	stdcall	long,long	syscall=0x004f	-	0
264	NtListenPort	stdcall	ptr,ptr	syscall	-	0
265	NtLoadDriver	stdcall	ptr	syscall	-	0
267	NtLoadKey	stdcall	ptr,ptr	syscall	-	0
266	NtLoadKey2	stdcall	ptr,ptr,long	syscall	-	0
268	NtLoadKeyEx	stdcall	ptr,ptr,long,long,long,long,ptr,ptr	syscall	-	0
269	NtLockFile	stdcall	long,long,ptr,ptr,ptr,ptr,ptr,ptr,long,long	syscall	-	0
272	NtLockVirtualMemory	stdcall	long,ptr,ptr,long	syscall	-	0
273	NtMakePermanentObject	stdcall	long	syscall	-	0
274	NtMakeTemporaryObject	stdcall	long	syscall	-	0
276	NtMapUserPhysicalPagesScatter	stub	-	syscall=0x0003	-	0
277	NtMapViewOfSection	stdcall	long,long,ptr,long,long,ptr,ptr,long,long,long	syscall=0x0028	-	0
278	NtMapViewOfSectionEx	stdcall	long,long,ptr,ptr,ptr,long,long,ptr,long	syscall	-	0
280	NtNotifyChangeDirectoryFile	stdcall	long,long,ptr,ptr,ptr,ptr,long,long,long	syscall	-	0
281	NtNotifyChangeKey	stdcall	long,long,ptr,ptr,ptr,long,long,ptr,long,long	syscall	-	0
282	NtNotifyChangeMultipleKeys	stdcall	long,long,ptr,long,ptr,ptr,ptr,long,long,ptr,long,long	syscall	-	0
283	NtOpenDirectoryObject	stdcall	ptr,long,ptr	syscall=0x0058	-	0
284	NtOpenEvent	stdcall	ptr,long,ptr	syscall=0x0040	-	0
286	NtOpenFile	stdcall	ptr,long,ptr,ptr,long,long	syscall=0x0033	-	0
287	NtOpenIoCompletion	stdcall	ptr,long,ptr	syscall	-	0
288	NtOpenJobObject	stdcall	ptr,long,ptr	syscall	-	0
289	NtOpenKey	stdcall	ptr,long,ptr	syscall=0x0012	-	0
290	NtOpenKeyEx	stdcall	ptr,long,ptr,long	syscall	-	0
291	NtOpenKeyTransacted	stdcall	ptr,long,ptr,long	syscall	-	0
292	NtOpenKeyTransactedEx	stdcall	ptr,long,ptr,long,long	syscall	-	0
293	NtOpenKeyedEvent	stdcall	ptr,long,ptr	syscall	-	0
294	NtOpenMutant	stdcall	ptr,long,ptr	syscall	-	0
296	NtOpenProcess	stdcall	ptr,long,ptr,ptr	syscall=0x0026	-	0
297	NtOpenProcessToken	stdcall	long,long,ptr	syscall	-	0
298	NtOpenProcessTokenEx	stdcall	long,long,long,ptr	syscall=0x0030	-	0
299	NtOpenSection	stdcall	ptr,long,ptr	syscall=0x0037	-	0
300	NtOpenSemaphore	stdcall	ptr,long,ptr	syscall	-	0
301	NtOpenSymbolicLinkObject	stdcall	ptr,long,ptr	syscall	-	0
302	NtOpenThread	stdcall	ptr,long,ptr,ptr	syscall	-	0
303	NtOpenThreadToken	stdcall	long,long,long,ptr	syscall=0x0024	-	0
304	NtOpenThreadTokenEx	stdcall	long,long,long,long,ptr	syscall=0x002f	-	0
305	NtOpenTimer	stdcall	ptr,long,ptr	syscall	-	0
307	NtPowerInformation	stdcall	long,ptr,long,ptr,long	syscall=0x005f	-	0
308	NtPrivilegeCheck	stdcall	ptr,ptr,ptr	syscall	-	0
311	NtProtectVirtualMemory	stdcall	long,ptr,ptr,long,ptr	syscall=0x0050	-	0
312	NtPulseEvent	stdcall	long,ptr	syscall	-	0
313	NtQueryAttributesFile	stdcall	ptr,ptr	syscall=0x003d	-	0
317	NtQueryDefaultLocale	stdcall	long,ptr	syscall=0x0015	-	0
318	NtQueryDefaultUILanguage	stdcall	ptr	syscall=0x0044	-	0
319	NtQueryDirectoryFile	stdcall	long,long,ptr,ptr,ptr,ptr,long,long,long,ptr,long	syscall=0x0035	-	0
320	NtQueryDirectoryObject	stdcall	long,ptr,long,long,long,ptr,ptr	syscall	-	0
321	NtQueryEaFile	stdcall	long,ptr,ptr,long,long,ptr,long,ptr,long	syscall	-	0
322	NtQueryEvent	stdcall	long,long,ptr,long,ptr	syscall=0x0056	-	0
323	NtQueryFullAttributesFile	stdcall	ptr,ptr	syscall	-	0
324	NtQueryInformationAtom	stdcall	long,long,ptr,long,ptr	syscall	-	0
325	NtQueryInformationFile	stdcall	long,ptr,ptr,long,long	syscall=0x0011	-	0
326	NtQueryInformationJobObject	stdcall	long,long,ptr,long,ptr	syscall	-	0
328	NtQueryInformationProcess	stdcall	long,long,ptr,long,ptr	syscall=0x0019	-	0
329	NtQueryInformationThread	stdcall	long,long,ptr,long,ptr	syscall=0x0025	-	0
330	NtQueryInformationToken	stdcall	long,long,ptr,long,ptr	syscall=0x0021	-	0
331	NtQueryInstallUILanguage	stdcall	ptr	syscall	-	0
333	NtQueryIoCompletion	stdcall	long,long,ptr,long,ptr	syscall	-	0
334	NtQueryKey	stdcall	long,long,ptr,long,ptr	syscall=0x0016	-	0
335	NtQueryLicenseValue	stdcall	ptr,ptr,ptr,long,ptr	syscall	-	0
336	NtQueryMultipleValueKey	stdcall	long,ptr,long,ptr,long,ptr	syscall	-	0
337	NtQueryMutant	stdcall	long,long,ptr,long,ptr	syscall	-	0
338	NtQueryObject	stdcall	long,long,ptr,long,ptr	syscall=0x0010	-	0
340	NtQueryPerformanceCounter	stdcall	ptr,ptr	syscall=0x0031	-	0
343	NtQuerySection	stdcall	long,long,ptr,long,ptr	syscall=0x0051	-	0
344	NtQuerySecurityObject	stdcall	long,long,ptr,long,ptr	syscall	-	0
345	NtQuerySemaphore	stdcall	long,long,ptr,long,ptr	syscall	-	0
346	NtQuerySymbolicLinkObject	stdcall	long,ptr,ptr	syscall	-	0
347	NtQuerySystemEnvironmentValue	stdcall	ptr,ptr,long,ptr	syscall	-	0
348	NtQuerySystemEnvironmentValueEx	stdcall	ptr,ptr,ptr,ptr,ptr	syscall	-	0
349	NtQuerySystemInformation	stdcall	long,ptr,long,ptr	syscall=0x0036	-	0
350	NtQuerySystemInformationEx	stdcall	long,ptr,long,ptr,long,ptr	syscall	-	0
351	NtQuerySystemTime	stdcall	ptr	syscall=0x005a	-	0
352	NtQueryTimer	stdcall	ptr,long,ptr,long,ptr	syscall=0x0038	-	0
353	NtQueryTimerResolution	stdcall	ptr,ptr,ptr	syscall	-	0
354	NtQueryValueKey	stdcall	long,ptr,long,ptr,long,ptr	syscall=0x0017	-	0
355	NtQueryVirtualMemory	stdcall	long,ptr,long,ptr,long,ptr	syscall=0x0023	-	0
356	NtQueryVolumeInformationFile	stdcall	long,ptr,ptr,long,long	syscall=0x0049	-	0
357	NtQueueApcThread	stdcall	long,ptr,long,long,long	syscall=0x0045	-	0
358	NtQueueApcThreadEx	stdcall	long,long,ptr,long,long,long	syscall	-	0
359	NtQueueApcThreadEx2	stdcall	long,long,long,ptr,long,long,long	syscall	-	0
360	NtRaiseException	stdcall	ptr,ptr,long	syscall	-	0
361	NtRaiseHardError	stdcall	long,long,long,ptr,long,ptr	syscall	-	0
362	NtReadFile	stdcall	long,long,ptr,ptr,ptr,ptr,long,ptr,ptr	syscall=0x0006	-	0
363	NtReadFileScatter	stdcall	long,long,ptr,ptr,ptr,ptr,long,ptr,ptr	syscall=0x002e	-	0
364	NtReadRequestData	stdcall	long,ptr,long,ptr,long,ptr	syscall=0x0054	-	0
365	NtReadVirtualMemory	stdcall	long,ptr,ptr,long,ptr	syscall=0x003f	-	0
366	NtRegisterThreadTerminatePort	stdcall	ptr	syscall	-	0
367	NtReleaseKeyedEvent	stdcall	long,ptr,long,ptr	syscall	-	0
368	NtReleaseMutant	stdcall	long,ptr	syscall=0x0020	-	0
369	NtReleaseSemaphore	stdcall	long,long,ptr	syscall=0x000a	-	0
370	NtRemoveIoCompletion	stdcall	ptr,ptr,ptr,ptr,ptr	syscall=0x0009	-	0
371	NtRemoveIoCompletionEx	stdcall	ptr,ptr,long,ptr,ptr,long	syscall	-	0
372	NtRemoveProcessDebug	stdcall	long,long	syscall	-	0
373	NtRenameKey	stdcall	long,ptr	syscall	-	0
374	NtReplaceKey	stdcall	ptr,long,ptr	syscall	-	0
375	NtReplyPort	stdcall	long,ptr	syscall=0x000c	-	0
376	NtReplyWaitReceivePort	stdcall	ptr,ptr,ptr,ptr	syscall=0x000b	-	0
377	NtReplyWaitReceivePortEx	stdcall	long,ptr,ptr,ptr,ptr	syscall=0x002b	-	0
380	NtRequestWaitReplyPort	stdcall	ptr,ptr,ptr	syscall=0x0022	-	0
381	NtResetEvent	stdcall	long,ptr	syscall	-	0
382	NtResetWriteWatch	stdcall	long,ptr,long	syscall	-	0
383	NtRestoreKey	stdcall	long,long,long	syscall	-	0
384	NtResumeProcess	stdcall	long	syscall	-	0
385	NtResumeThread	stdcall	long,ptr	syscall=0x0052	-	0
386	NtRollbackTransaction	stdcall	long,long	syscall	-	0
387	NtSaveKey	stdcall	long,long	syscall	-	0
390	NtSecureConnectPort	stdcall	ptr,ptr,ptr,ptr,ptr,ptr,ptr,ptr,ptr	syscall	-	0
393	NtSetContextThread	stdcall	long,ptr	syscall	-	0
394	NtSetDebugFilterState	stdcall	long,long,long	syscall	-	0
396	NtSetDefaultLocale	stdcall	long,long	syscall	-	0
397	NtSetDefaultUILanguage	stdcall	long	syscall	-	0
398	NtSetEaFile	stdcall	long,ptr,ptr,long	syscall	-	0
399	NtSetEvent	stdcall	long,ptr	syscall=0x000e	-	0
400	NtSetEventBoostPriority	stdcall	long	syscall=0x002d	-	0
403	NtSetInformationDebugObject	stdcall	long,long,ptr,long,ptr	syscall	-	0
404	NtSetInformationFile	stdcall	long,ptr,ptr,long,long	syscall=0x0027	-	0
405	NtSetInformationJobObject	stdcall	long,long,ptr,long	syscall	-	0
406	NtSetInformationKey	stdcall	long,long,ptr,long	syscall	-	0
407	NtSetInformationObject	stdcall	long,long,ptr,long	syscall=0x005c	-	0
408	NtSetInformationProcess	stdcall	long,long,ptr,long	syscall=0x001c	-	0
409	NtSetInformationThread	stdcall	long,long,ptr,long	syscall=0x000d	-	0
410	NtSetInformationToken	stdcall	long,long,ptr,long	syscall	-	0
411	NtSetInformationVirtualMemory	stdcall	long,long,ptr,ptr,ptr,long	syscall	-	0
412	NtSetIntervalProfile	stdcall	long,long	syscall	-	0
413	NtSetIoCompletion	stdcall	ptr,long,long,long,long	syscall	-	0
414	NtSetIoCompletionEx	stdcall	ptr,ptr,long,long,long,long	syscall	-	0
415	NtSetLdtEntries	stdcall	long,long,long,long,long,long	syscall	-	0
419	NtSetSecurityObject	stdcall	long,long,ptr	syscall	-	0
422	NtSetSystemInformation	stdcall	long,ptr,long	syscall	-	0
424	NtSetSystemTime	stdcall	ptr,ptr	syscall	-	0
425	NtSetThreadExecutionState	stdcall	long,ptr	syscall	-	0
426	NtSetTimer	stdcall	long,ptr,ptr,ptr,long,long,ptr	syscall=0x0062	-	0
427	NtSetTimerResolution	stdcall	long,long,ptr	syscall	-	0
429	NtSetValueKey	stdcall	long,ptr,long,long,ptr,long	syscall=0x0060	-	0
430	NtSetVolumeInformationFile	stdcall	long,ptr,ptr,long,long	syscall	-	0
431	NtShutdownSystem	stdcall	long	syscall	-	0
432	NtSignalAndWaitForSingleObject	stdcall	long,long,long,ptr	syscall	-	0
435	NtSuspendProcess	stdcall	long	syscall	-	0
436	NtSuspendThread	stdcall	long,ptr	syscall	-	0
437	NtSystemDebugControl	stdcall	long,ptr,long,ptr,long,ptr	syscall	-	0
438	NtTerminateJobObject	stdcall	long,long	syscall	-	0
439	NtTerminateProcess	stdcall	long,long	syscall=0x002c	-	0
440	NtTerminateThread	stdcall	long,long	syscall=0x0053	-	0
441	NtTestAlert	stdcall	-	syscall	-	0
442	NtTraceControl	stdcall	long,ptr,long,ptr,long,long	syscall	-	0
443	NtTraceEvent	stub	-	syscall=0x005e	-	0
445	NtUnloadDriver	stdcall	ptr	syscall	-	0
446	NtUnloadKey	stdcall	ptr	syscall	-	0
448	NtUnlockFile	stdcall	long,ptr,ptr,ptr,ptr	syscall	-	0
449	NtUnlockVirtualMemory	stdcall	long,ptr,ptr,long	syscall	-	0
450	NtUnmapViewOfSection	stdcall	long,ptr	syscall=0x002a	-	0
451	NtUnmapViewOfSectionEx	stdcall	long,ptr,long	syscall	-	0
453	NtWaitForAlertByThreadId	stdcall	ptr,ptr	syscall	-	0
454	NtWaitForDebugEvent	stdcall	long,long,ptr,ptr	syscall	-	0
455	NtWaitForKeyedEvent	stdcall	long,ptr,long,ptr	syscall	-	0
456	NtWaitForMultipleObjects	stdcall	long,ptr,long,long,ptr	syscall=0x005b	-	0
457	NtWaitForMultipleObjects32	stub	-	syscall=0x001a	-	0
458	NtWaitForSingleObject	stdcall	long,long,ptr	syscall=0x0004	-	0
461	NtWorkerFactoryWorkerReady	stdcall	ptr	syscall=0x0001	-	0
468	NtWriteFile	stdcall	long,long,ptr,ptr,ptr,ptr,long,ptr,ptr	syscall=0x0008	-	0
469	NtWriteFileGather	stdcall	long,long,ptr,ptr,ptr,ptr,long,ptr,ptr	syscall=0x001b	-	0
470	NtWriteRequestData	stdcall	long,ptr,long,ptr,long,ptr	syscall=0x0057	-	0
471	NtWriteVirtualMemory	stdcall	long,ptr,ptr,long,ptr	syscall=0x003a	-	0
472	NtYieldExecution	stdcall	-	syscall=0x0046	-	0
473	NtdllDefWindowProc_A	stdcall	long,long,long,long	-	-	0
474	NtdllDefWindowProc_W	stdcall	long,long,long,long	-	-	0
475	NtdllDialogWndProc_A	stdcall	long,long,long,long	-	-	0
476	NtdllDialogWndProc_W	stdcall	long,long,long,long	-	-	0
477	PfxFindPrefix	stub	-	-	-	0
478	PfxInitialize	stub	-	-	-	0
479	PfxInsertPrefix	stub	-	-	-	0
480	PfxRemovePrefix	stub	-	-	-	0
483	RtlAbortRXact	stub	-	-	-	0
484	RtlAbsoluteToSelfRelativeSD	stdcall	ptr,ptr,ptr	-	-	0
485	RtlAcquirePebLock	stdcall	-	-	-	0
486	RtlAcquireResourceExclusive	stdcall	ptr,long	-	-	0
487	RtlAcquireResourceShared	stdcall	ptr,long	-	-	0
488	RtlAcquireSRWLockExclusive	stdcall	ptr	-	-	0
489	RtlAcquireSRWLockShared	stdcall	ptr	-	-	0
490	RtlActivateActivationContext	stdcall	long,ptr,ptr	-	-	0
491	RtlActivateActivationContextEx	stdcall	long,ptr,ptr,ptr	-	-	0
492	RtlActivateActivationContextUnsafeFast	stdcall	ptr,ptr	fastcall	-	0
493	RtlAddAccessAllowedAce	stdcall	ptr,long,long,ptr	-	-	0
494	RtlAddAccessAllowedAceEx	stdcall	ptr,long,long,long,ptr	-	-	0
495	RtlAddAccessAllowedObjectAce	stdcall	ptr,long,long,long,ptr,ptr,ptr	-	-	0
496	RtlAddAccessDeniedAce	stdcall	ptr,long,long,ptr	-	-	0
497	RtlAddAccessDeniedAceEx	stdcall	ptr,long,long,long,ptr	-	-	0
498	RtlAddAccessDeniedObjectAce	stdcall	ptr,long,long,long,ptr,ptr,ptr	-	-	0
499	RtlAddAce	stdcall	ptr,long,long,ptr,long	-	-	0
500	RtlAddActionToRXact	stub	-	-	-	0
501	RtlAddAtomToAtomTable	stdcall	ptr,wstr,ptr	-	-	0
502	RtlAddAttributeActionToRXact	stub	-	-	-	0
503	RtlAddAuditAccessAce	stdcall	ptr,long,long,ptr,long,long	-	-	0
504	RtlAddAuditAccessAceEx	stdcall	ptr,long,long,long,ptr,long,long	-	-	0
505	RtlAddAuditAccessObjectAce	stdcall	ptr,long,long,long,ptr,ptr,ptr,long,long	-	-	0
507	RtlAddFunctionTable	cdecl	ptr,long,long	arch=!i386	-	0
508	RtlAddGrowableFunctionTable	stdcall	ptr,ptr,long,long,long,long	arch=!i386	-	0
509	RtlAddMandatoryAce	stdcall	ptr,long,long,long,long,ptr	-	-	0
510	RtlAddProcessTrustLabelAce	stdcall	ptr,long,long,ptr,long,long	-	-	0
512	RtlAddRefActivationContext	stdcall	ptr	-	-	0
514	RtlAddVectoredContinueHandler	stdcall	long,ptr	-	-	0
515	RtlAddVectoredExceptionHandler	stdcall	long,ptr	-	-	0
516	RtlAddressInSectionTable	stdcall	ptr,long,long	-	-	0
517	RtlAdjustPrivilege	stdcall	long,long,long,ptr	-	-	0
518	RtlAllocateAndInitializeSid	stdcall	ptr,long,long,long,long,long,long,long,long,long,ptr	-	-	0
519	RtlAllocateHandle	stdcall	ptr,ptr	-	-	0
520	RtlAllocateHeap	stdcall	long,long,long	-	-	0
521	RtlAnsiCharToUnicodeChar	stdcall	ptr	-	-	0
522	RtlAnsiStringToUnicodeSize	stdcall	ptr	-	-	0
523	RtlAnsiStringToUnicodeString	stdcall	ptr,ptr,long	-	-	0
524	RtlAppendAsciizToString	stdcall	ptr,str	-	-	0
526	RtlAppendStringToString	stdcall	ptr,ptr	-	-	0
527	RtlAppendUnicodeStringToString	stdcall	ptr,ptr	-	-	0
528	RtlAppendUnicodeToString	stdcall	ptr,wstr	-	-	0
530	RtlApplyRXact	stub	-	-	-	0
531	RtlApplyRXactNoFlush	stub	-	-	-	0
532	RtlAreAllAccessesGranted	stdcall	long,long	-	-	0
533	RtlAreAnyAccessesGranted	stdcall	long,long	-	-	0
534	RtlAreBitsClear	stdcall	ptr,long,long	-	-	0
535	RtlAreBitsSet	stdcall	ptr,long,long	-	-	0
537	RtlAssert	stdcall	ptr,ptr,long,str	-	-	0
538	RtlBarrier	stdcall	ptr,long	-	-	0
540	RtlCaptureContext	stdcall	ptr	norelay	-	0
541	RtlCaptureStackBackTrace	stdcall	long,long,ptr,ptr	-	-	0
543	RtlCharToInteger	stdcall	ptr,long,ptr	-	-	0
546	RtlCheckRegistryKey	stdcall	long,ptr	-	-	0
547	RtlClearAllBits	stdcall	ptr	-	-	0
548	RtlClearBits	stdcall	ptr,long,long	-	-	0
550	RtlClosePropertySet	stub	-	-	-	0
552	RtlCompactHeap	stdcall	long,long	-	-	0
553	RtlCompareMemory	stdcall	ptr,ptr,long	-	-	0
554	RtlCompareMemoryUlong	stdcall	ptr,long,long	-	-	0
555	RtlCompareString	stdcall	ptr,ptr,long	-	-	0
556	RtlCompareUnicodeString	stdcall	ptr,ptr,long	-	-	0
557	RtlCompareUnicodeStrings	stdcall	ptr,long,ptr,long,long	-	-	0
558	RtlCompressBuffer	stdcall	long,ptr,long,ptr,long,long,ptr,ptr	-	-	0
559	RtlComputeCrc32	stdcall	long,ptr,long	-	-	0
562	RtlConsoleMultiByteToUnicodeN	stub	-	-	-	0
563	RtlConvertDeviceFamilyInfoToString	stdcall	ptr,ptr,ptr,ptr	-	-	0
564	RtlConvertExclusiveToShared	stub	-	-	-	0
567	RtlConvertSharedToExclusive	stub	-	-	-	0
568	RtlConvertSidToUnicodeString	stdcall	ptr,ptr,long	-	-	0
569	RtlConvertToAutoInheritSecurityObject	stdcall	ptr,ptr,ptr,ptr,long,ptr	-	-	0
570	RtlConvertUiListToApiList	stub	-	-	-	0
573	RtlCopyContext	stdcall	ptr,long,ptr	-	-	0
574	RtlCopyExtendedContext	stdcall	ptr,long,ptr	-	-	0
575	RtlCopyLuid	stdcall	ptr,ptr	-	-	0
576	RtlCopyLuidAndAttributesArray	stdcall	long,ptr,ptr	-	-	0
577	RtlCopyMemory	stdcall	ptr,ptr,long	arch=!i386	-	0
578	RtlCopyMemoryNonTemporal	stdcall	ptr,ptr,long	arch=x86_64	RtlCopyMemory	0
582	RtlCopySecurityDescriptor	stdcall	ptr,ptr	-	-	0
583	RtlCopySid	stdcall	long,ptr,ptr	-	-	0
584	RtlCopySidAndAttributesArray	stub	-	-	-	0
585	RtlCopyString	stdcall	ptr,ptr	-	-	0
586	RtlCopyUnicodeString	stdcall	ptr,ptr	-	-	0
587	RtlCreateAcl	stdcall	ptr,long,long	-	-	0
588	RtlCreateActivationContext	stdcall	ptr,ptr	-	-	0
589	RtlCreateAndSetSD	stub	-	-	-	0
590	RtlCreateAtomTable	stdcall	long,ptr	-	-	0
592	RtlCreateEnvironment	stdcall	long,ptr	-	-	0
593	RtlCreateHeap	stdcall	long,ptr,long,long,ptr,ptr	-	-	0
594	RtlCreateProcessParameters	stdcall	ptr,ptr,ptr,ptr,ptr,ptr,ptr,ptr,ptr,ptr	-	-	0
595	RtlCreateProcessParametersEx	stdcall	ptr,ptr,ptr,ptr,ptr,ptr,ptr,ptr,ptr,ptr,long	-	-	0
596	RtlCreatePropertySet	stub	-	-	-	0
597	RtlCreateQueryDebugBuffer	stdcall	long,long	-	-	0
598	RtlCreateRegistryKey	stdcall	long,wstr	-	-	0
600	RtlCreateSecurityDescriptor	stdcall	ptr,long	-	-	0
599	RtlCreateServiceSid	stdcall	ptr,ptr,ptr	-	-	0
602	RtlCreateTagHeap	stub	-	-	-	0
603	RtlCreateTimer	stdcall	ptr,ptr,ptr,ptr,long,long,long	-	-	0
604	RtlCreateTimerQueue	stdcall	ptr	-	-	0
605	RtlCreateUnicodeString	stdcall	ptr,wstr	-	-	0
606	RtlCreateUnicodeStringFromAsciiz	stdcall	ptr,str	-	-	0
607	RtlCreateUserProcess	stdcall	ptr,long,ptr,ptr,ptr,long,long,long,long,ptr	-	-	0
608	RtlCreateUserSecurityObject	stub	-	-	-	0
609	RtlCreateUserStack	stdcall	long,long,long,long,long,ptr	-	-	0
610	RtlCreateUserThread	stdcall	long,ptr,long,long,long,long,ptr,ptr,ptr,ptr	-	-	0
611	RtlCustomCPToUnicodeN	stdcall	ptr,ptr,long,ptr,str,long	-	-	0
612	RtlCutoverTimeToSystemTime	stub	-	-	-	0
613	RtlDeNormalizeProcessParams	stdcall	ptr	-	-	0
614	RtlDeactivateActivationContext	stdcall	long,long	-	-	0
615	RtlDeactivateActivationContextUnsafeFast	stdcall	ptr	fastcall	-	0
616	RtlDebugPrintTimes	stub	-	-	-	0
617	RtlDecodePointer	stdcall	ptr	-	-	0
618	RtlDecodeSystemPointer	stdcall	ptr	-	RtlDecodePointer	0
619	RtlDecompressBuffer	stdcall	long,ptr,long,ptr,long,ptr	-	-	0
620	RtlDecompressFragment	stdcall	long,ptr,long,ptr,long,long,ptr,ptr	-	-	0
621	RtlDefaultNpAcl	stdcall	ptr	-	-	0
622	RtlDelete	stdcall	ptr	-	-	0
623	RtlDeleteAce	stdcall	ptr,long	-	-	0
624	RtlDeleteAtomFromAtomTable	stdcall	ptr,long	-	-	0
625	RtlDeleteBarrier	stdcall	ptr	-	-	0
626	RtlDeleteCriticalSection	stdcall	ptr	-	-	0
628	RtlDeleteElementGenericTable	stdcall	ptr,ptr	-	-	0
629	RtlDeleteElementGenericTableAvl	stub	-	-	-	0
630	RtlDeleteFunctionTable	cdecl	ptr	arch=!i386	-	0
627	RtlDeleteGrowableFunctionTable	stdcall	ptr	arch=!i386	-	0
631	RtlDeleteNoSplay	stdcall	ptr,ptr	-	-	0
632	RtlDeleteOwnersRanges	stub	-	-	-	0
633	RtlDeleteRange	stub	-	-	-	0
634	RtlDeleteRegistryValue	stdcall	long,ptr,wstr	-	-	0
635	RtlDeleteResource	stdcall	ptr	-	-	0
636	RtlDeleteSecurityObject	stdcall	ptr	-	-	0
637	RtlDeleteTimer	stdcall	ptr,ptr,ptr	-	-	0
639	RtlDeleteTimerQueueEx	stdcall	ptr,ptr	-	-	0
640	RtlDeregisterWait	stdcall	ptr	-	-	0
641	RtlDeregisterWaitEx	stdcall	ptr,ptr	-	-	0
642	RtlDeriveCapabilitySidsFromName	stdcall	ptr,ptr,ptr	-	-	0
643	RtlDestroyAtomTable	stdcall	ptr	-	-	0
644	RtlDestroyEnvironment	stdcall	ptr	-	-	0
645	RtlDestroyHandleTable	stdcall	ptr	-	-	0
646	RtlDestroyHeap	stdcall	long	-	-	0
647	RtlDestroyProcessParameters	stdcall	ptr	-	-	0
648	RtlDestroyQueryDebugBuffer	stdcall	ptr	-	-	0
649	RtlDetermineDosPathNameType_U	stdcall	wstr	-	-	0
650	RtlDllShutdownInProgress	stdcall	-	-	-	0
652	RtlDoesFileExists_U	stdcall	wstr	-	-	0
654	RtlDosPathNameToNtPathName_U	stdcall	wstr,ptr,ptr,ptr	-	-	0
655	RtlDosPathNameToNtPathName_U_WithStatus	stdcall	wstr,ptr,ptr,ptr	-	-	0
656	RtlDosPathNameToRelativeNtPathName_U	stdcall	wstr,ptr,ptr,ptr	-	-	0
657	RtlDosPathNameToRelativeNtPathName_U_WithStatus	stdcall	wstr,ptr,ptr,ptr	-	-	0
658	RtlDosSearchPath_U	stdcall	wstr,wstr,wstr,long,ptr,ptr	-	-	0
660	RtlDowncaseUnicodeChar	stdcall	long	-	-	0
661	RtlDowncaseUnicodeString	stdcall	ptr,ptr,long	-	-	0
662	RtlDumpResource	stdcall	ptr	-	-	0
663	RtlDuplicateUnicodeString	stdcall	long,ptr,ptr	-	-	0
664	RtlEmptyAtomTable	stdcall	ptr,long	-	-	0
666	RtlEncodePointer	stdcall	ptr	-	-	0
667	RtlEncodeSystemPointer	stdcall	ptr	-	RtlEncodePointer	0
671	RtlEnterCriticalSection	stdcall	ptr	-	-	0
672	RtlEnumProcessHeaps	stub	-	-	-	0
673	RtlEnumerateGenericTable	stdcall	ptr,long	-	-	0
676	RtlEnumerateGenericTableWithoutSplaying	stdcall	ptr,ptr	-	-	0
677	RtlEnumerateGenericTableWithoutSplayingAvl	stdcall	ptr,ptr	-	-	0
678	RtlEnumerateProperties	stub	-	-	-	0
679	RtlEqualComputerName	stdcall	ptr,ptr	-	-	0
680	RtlEqualDomainName	stdcall	ptr,ptr	-	-	0
681	RtlEqualLuid	stdcall	ptr,ptr	-	-	0
682	RtlEqualPrefixSid	stdcall	ptr,ptr	-	-	0
683	RtlEqualSid	stdcall	ptr,ptr	-	-	0
684	RtlEqualString	stdcall	ptr,ptr,long	-	-	0
685	RtlEqualUnicodeString	stdcall	ptr,ptr,long	-	-	0
686	RtlEraseUnicodeString	stdcall	ptr	-	-	0
687	RtlExitUserProcess	stdcall	long	-	-	0
688	RtlExitUserThread	stdcall	long	-	-	0
689	RtlExpandEnvironmentStrings	stdcall	ptr,wstr,long,ptr,long,ptr	-	-	0
690	RtlExpandEnvironmentStrings_U	stdcall	ptr,ptr,ptr,ptr	-	-	0
691	RtlExtendHeap	stub	-	-	-	0
695	RtlFillMemory	stdcall	ptr,long,long	-	-	0
696	RtlFillMemoryUlong	stdcall	ptr,long,long	-	-	0
697	RtlFinalReleaseOutOfProcessMemoryStream	stub	-	-	-	0
698	RtlFindActivationContextSectionGuid	stdcall	long,ptr,long,ptr,ptr	-	-	0
699	RtlFindActivationContextSectionString	stdcall	long,ptr,long,ptr,ptr	-	-	0
700	RtlFindCharInUnicodeString	stdcall	long,ptr,ptr,ptr	-	-	0
701	RtlFindClearBits	stdcall	ptr,long,long	-	-	0
702	RtlFindClearBitsAndSet	stdcall	ptr,long,long	-	-	0
703	RtlFindClearRuns	stdcall	ptr,ptr,long,long	-	-	0
704	RtlFindExportedRoutineByName	stdcall	ptr,str	-	-	0
705	RtlFindLastBackwardRunClear	stdcall	ptr,long,ptr	-	-	0
706	RtlFindLastBackwardRunSet	stdcall	ptr,long,ptr	-	-	0
707	RtlFindLeastSignificantBit	stdcall	int64	-	-	0
708	RtlFindLongestRunClear	stdcall	ptr,ptr	-	-	0
709	RtlFindLongestRunSet	stdcall	ptr,ptr	-	-	0
710	RtlFindMessage	stdcall	long,long,long,long,ptr	-	-	0
711	RtlFindMostSignificantBit	stdcall	int64	-	-	0
712	RtlFindNextForwardRunClear	stdcall	ptr,long,ptr	-	-	0
713	RtlFindNextForwardRunSet	stdcall	ptr,long,ptr	-	-	0
714	RtlFindRange	stub	-	-	-	0
715	RtlFindSetBits	stdcall	ptr,long,long	-	-	0
716	RtlFindSetBitsAndClear	stdcall	ptr,long,long	-	-	0
717	RtlFindSetRuns	stdcall	ptr,ptr,long,long	-	-	0
718	RtlFirstEntrySList	stdcall	ptr	-	-	0
719	RtlFirstFreeAce	stdcall	ptr,ptr	-	-	0
720	RtlFlsAlloc	stdcall	ptr,ptr	-	-	0
721	RtlFlsFree	stdcall	long	-	-	0
722	RtlFlsGetValue	stdcall	long,ptr	-	-	0
723	RtlFlsSetValue	stdcall	long,ptr	-	-	0
724	RtlFlushPropertySet	stub	-	-	-	0
726	RtlFormatCurrentUserKeyPath	stdcall	ptr	-	-	0
727	RtlFormatMessage	stdcall	ptr,long,long,long,long,ptr,ptr,long,ptr	-	-	0
728	RtlFormatMessageEx	stdcall	ptr,long,long,long,long,ptr,ptr,long,ptr,long	-	-	0
729	RtlFreeActivationContextStack	stdcall	ptr	-	-	0
730	RtlFreeAnsiString	stdcall	ptr	-	-	0
731	RtlFreeHandle	stdcall	ptr,ptr	-	-	0
732	RtlFreeHeap	stdcall	long,long,ptr	-	-	0
733	RtlFreeOemString	stdcall	ptr	-	-	0
735	RtlFreeSid	stdcall	ptr	-	-	0
736	RtlFreeThreadActivationContextStack	stdcall	-	-	-	0
737	RtlFreeUnicodeString	stdcall	ptr	-	-	0
738	RtlFreeUserStack	stdcall	ptr	-	-	0
740	RtlGUIDFromString	stdcall	ptr,ptr	-	-	0
741	RtlGenerate8dot3Name	stub	-	-	-	0
742	RtlGetAce	stdcall	ptr,long,ptr	-	-	0
743	RtlGetActiveActivationContext	stdcall	ptr	-	-	0
744	RtlGetCallersAddress	stdcall	ptr,ptr	-	-	0
745	RtlGetCompressionWorkSpaceSize	stdcall	long,ptr,ptr	-	-	0
746	RtlGetControlSecurityDescriptor	stdcall	ptr,ptr,ptr	-	-	0
747	RtlGetCurrentDirectory_U	stdcall	long,ptr	-	-	0
748	RtlGetCurrentPeb	stdcall	-	-	-	0
749	RtlGetCurrentProcessorNumberEx	stdcall	ptr	-	-	0
750	RtlGetCurrentTransaction	stdcall	-	-	-	0
751	RtlGetDaclSecurityDescriptor	stdcall	ptr,ptr,ptr,ptr	-	-	0
739	RtlGetDeviceFamilyInfoEnum	stdcall	ptr,ptr,ptr	-	-	0
752	RtlGetElementGenericTable	stdcall	ptr,long	-	-	0
754	RtlGetEnabledExtendedFeatures	stdcall	int64	-	-	0
755	RtlGetExePath	stdcall	wstr,ptr	-	-	0
756	RtlGetExtendedContextLength	stdcall	long,ptr	-	-	0
757	RtlGetExtendedContextLength2	stdcall	long,ptr,int64	-	-	0
758	RtlGetExtendedFeaturesMask	stdcall	ptr	ret64	-	0
760	RtlGetFrame	stdcall	-	-	-	0
761	RtlGetFullPathName_U	stdcall	wstr,long,ptr,ptr	-	-	0
762	RtlGetFullPathName_UEx	stdcall	wstr,long,ptr,ptr,ptr	-	-	0
763	RtlGetGroupSecurityDescriptor	stdcall	ptr,ptr,ptr	-	-	0
764	RtlGetLastNtStatus	stdcall	-	-	-	0
765	RtlGetLastWin32Error	stdcall	-	-	-	0
769	RtlGetLocaleFileMappingAddress	stdcall	ptr,ptr,ptr	-	-	0
770	RtlGetLongestNtPathLength	stdcall	-	-	-	0
771	RtlGetNativeSystemInformation	stdcall	long,ptr,long,ptr	-	-	0
773	RtlGetNtGlobalFlags	stdcall	-	-	-	0
774	RtlGetNtProductType	stdcall	ptr	-	-	0
775	RtlGetNtVersionNumbers	stdcall	ptr,ptr,ptr	-	-	0
776	RtlGetOwnerSecurityDescriptor	stdcall	ptr,ptr,ptr	-	-	0
778	RtlGetProcessHeaps	stdcall	long,ptr	-	-	0
779	RtlGetProcessPreferredUILanguages	stdcall	long,ptr,ptr,ptr	-	-	0
777	RtlGetProductInfo	stdcall	long,long,long,long,ptr	-	-	0
780	RtlGetSaclSecurityDescriptor	stdcall	ptr,ptr,ptr,ptr	-	-	0
781	RtlGetSearchPath	stdcall	ptr	-	-	0
784	RtlGetSystemPreferredUILanguages	stdcall	long,long,ptr,ptr,ptr	-	-	0
785	RtlGetSystemTimePrecise	stdcall	-	ret64	-	0
786	RtlGetThreadErrorMode	stdcall	-	-	-	0
787	RtlGetThreadPreferredUILanguages	stdcall	long,ptr,ptr,ptr	-	-	0
788	RtlGetUnloadEventTrace	stdcall	-	-	-	0
789	RtlGetUnloadEventTraceEx	stdcall	ptr,ptr,ptr	-	-	0
790	RtlGetUserInfoHeap	stdcall	ptr,long,ptr,ptr,ptr	-	-	0
791	RtlGetUserPreferredUILanguages	stdcall	long,long,ptr,ptr,ptr	-	-	0
792	RtlGetVersion	stdcall	ptr	-	-	0
793	RtlGrowFunctionTable	stdcall	ptr,long	arch=!i386	-	0
794	RtlGuidToPropertySetName	stub	-	-	-	0
795	RtlHashUnicodeString	stdcall	ptr,long,long,ptr	-	-	0
796	RtlIdentifierAuthoritySid	stdcall	ptr	-	-	0
797	RtlIdnToAscii	stdcall	long,wstr,long,ptr,ptr	-	-	0
798	RtlIdnToNameprepUnicode	stdcall	long,wstr,long,ptr,ptr	-	-	0
799	RtlIdnToUnicode	stdcall	long,wstr,long,ptr,ptr	-	-	0
800	RtlImageDirectoryEntryToData	stdcall	long,long,long,ptr	-	-	0
801	RtlImageNtHeader	stdcall	long	-	-	0
802	RtlImageRvaToSection	stdcall	ptr,long,long	-	-	0
803	RtlImageRvaToVa	stdcall	ptr,long,long,ptr	-	-	0
804	RtlImpersonateSelf	stdcall	long	-	-	0
805	RtlInitAnsiString	stdcall	ptr,str	-	-	0
806	RtlInitAnsiStringEx	stdcall	ptr,str	-	-	0
807	RtlInitBarrier	stdcall	ptr,long,long	-	-	0
808	RtlInitCodePageTable	stdcall	ptr,ptr	-	-	0
810	RtlInitNlsTables	stdcall	ptr,ptr,ptr,ptr	-	-	0
812	RtlInitString	stdcall	ptr,str	-	-	0
813	RtlInitUnicodeString	stdcall	ptr,wstr	-	-	0
814	RtlInitUnicodeStringEx	stdcall	ptr,wstr	-	-	0
816	RtlInitializeBitMap	stdcall	ptr,ptr,long	-	-	0
817	RtlInitializeConditionVariable	stdcall	ptr	-	-	0
818	RtlInitializeContext	stub	-	-	-	0
819	RtlInitializeCriticalSection	stdcall	ptr	-	-	0
820	RtlInitializeCriticalSectionAndSpinCount	stdcall	ptr,long	-	-	0
821	RtlInitializeCriticalSectionEx	stdcall	ptr,long,long	-	-	0
822	RtlInitializeExtendedContext	stdcall	ptr,long,ptr	-	-	0
823	RtlInitializeExtendedContext2	stdcall	ptr,long,ptr,int64	-	-	0
824	RtlInitializeGenericTable	stdcall	ptr,ptr,ptr,ptr,ptr	-	-	0
825	RtlInitializeGenericTableAvl	stdcall	ptr,ptr,ptr,ptr,ptr	-	-	0
826	RtlInitializeHandleTable	stdcall	long,long,ptr	-	-	0
827	RtlInitializeNtUserPfn	stdcall	ptr,long,ptr,long,ptr,long	-	-	0
828	RtlInitializeRXact	stub	-	-	-	0
830	RtlInitializeResource	stdcall	ptr	-	-	0
831	RtlInitializeSListHead	stdcall	ptr	-	-	0
832	RtlInitializeSRWLock	stdcall	ptr	-	-	0
833	RtlInitializeSid	stdcall	ptr,ptr,long	-	-	0
835	RtlInsertElementGenericTable	stdcall	ptr,ptr,long,ptr	-	-	0
836	RtlInsertElementGenericTableAvl	stdcall	ptr,ptr,long,ptr	-	-	0
837	RtlInstallFunctionTableCallback	cdecl	long,long,long,ptr,ptr,wstr	arch=!i386	-	0
838	RtlInt64ToUnicodeString	stdcall	int64,long,ptr	-	-	0
839	RtlIntegerToChar	stdcall	long,long,long,ptr	-	-	0
840	RtlIntegerToUnicodeString	stdcall	long,long,ptr	-	-	0
842	RtlInterlockedFlushSList	stdcall	ptr	-	-	0
843	RtlInterlockedPopEntrySList	stdcall	ptr	-	-	0
844	RtlInterlockedPushEntrySList	stdcall	ptr,ptr	-	-	0
845	RtlInterlockedPushListSList	stdcall	ptr,ptr,ptr,long	fastcall	-	0
846	RtlInterlockedPushListSListEx	stdcall	ptr,ptr,ptr,long	-	-	0
848	RtlIpv4AddressToStringA	stdcall	ptr,ptr	-	-	0
849	RtlIpv4AddressToStringExA	stdcall	ptr,long,ptr,ptr	-	-	0
850	RtlIpv4AddressToStringExW	stdcall	ptr,long,ptr,ptr	-	-	0
851	RtlIpv4AddressToStringW	stdcall	ptr,ptr	-	-	0
852	RtlIpv4StringToAddressA	stdcall	str,long,ptr,ptr	-	-	0
853	RtlIpv4StringToAddressExA	stdcall	str,long,ptr,ptr	-	-	0
854	RtlIpv4StringToAddressExW	stdcall	wstr,long,ptr,ptr	-	-	0
855	RtlIpv4StringToAddressW	stdcall	wstr,long,ptr,ptr	-	-	0
856	RtlIpv6AddressToStringA	stdcall	ptr,ptr	-	-	0
857	RtlIpv6AddressToStringExA	stdcall	ptr,long,long,ptr,ptr	-	-	0
858	RtlIpv6AddressToStringExW	stdcall	ptr,long,long,ptr,ptr	-	-	0
859	RtlIpv6AddressToStringW	stdcall	ptr,ptr	-	-	0
860	RtlIpv6StringToAddressA	stdcall	str,ptr,ptr	-	-	0
861	RtlIpv6StringToAddressExA	stdcall	str,ptr,ptr,ptr	-	-	0
862	RtlIpv6StringToAddressExW	stdcall	wstr,ptr,ptr,ptr	-	-	0
863	RtlIpv6StringToAddressW	stdcall	wstr,ptr,ptr	-	-	0
864	RtlIsActivationContextActive	stdcall	ptr	-	-	0
865	RtlIsCriticalSectionLocked	stdcall	ptr	-	-	0
866	RtlIsCriticalSectionLockedByThread	stdcall	ptr	-	-	0
867	RtlIsCurrentProcess	stdcall	long	-	-	0
868	RtlIsCurrentThread	stdcall	long	-	-	0
869	RtlIsDosDeviceName_U	stdcall	wstr	-	-	0
870	RtlIsEcCode	stdcall	ptr	arch=x86_64;norelay	-	0
871	RtlIsGenericTableEmpty	stdcall	ptr	-	-	0
873	RtlIsNameLegalDOS8Dot3	stdcall	ptr,ptr,ptr	-	-	0
874	RtlIsNormalizedString	stdcall	long,wstr,long,ptr	-	-	0
875	RtlIsProcessorFeaturePresent	stdcall	long	-	-	0
877	RtlIsTextUnicode	stdcall	ptr,long,ptr	-	-	0
879	RtlIsValidHandle	stdcall	ptr,ptr	-	-	0
880	RtlIsValidIndexHandle	stdcall	ptr,long,ptr	-	-	0
881	RtlIsValidLocaleName	stdcall	wstr,long	-	-	0
889	RtlLargeIntegerToChar	stdcall	ptr,long,long,ptr	-	-	0
890	RtlLcidToLocaleName	stdcall	long,ptr,long,long	-	-	0
891	RtlLeaveCriticalSection	stdcall	ptr	-	-	0
892	RtlLengthRequiredSid	stdcall	long	-	-	0
893	RtlLengthSecurityDescriptor	stdcall	ptr	-	-	0
894	RtlLengthSid	stdcall	ptr	-	-	0
895	RtlLocalTimeToSystemTime	stdcall	ptr,ptr	-	-	0
896	RtlLocaleNameToLcid	stdcall	wstr,ptr,long	-	-	0
897	RtlLocateExtendedFeature	stdcall	ptr,long,ptr	-	-	0
898	RtlLocateExtendedFeature2	stdcall	ptr,long,ptr,ptr	-	-	0
899	RtlLocateLegacyContext	stdcall	ptr,ptr	-	-	0
901	RtlLockHeap	stdcall	long	-	-	0
904	RtlLookupAtomInAtomTable	stdcall	ptr,wstr,ptr	-	-	0
905	RtlLookupElementGenericTable	stdcall	ptr,ptr	-	-	0
906	RtlLookupElementGenericTableAvl	stdcall	ptr,ptr	-	-	0
907	RtlLookupFunctionEntry	stdcall	long,ptr,ptr	arch=!i386	-	0
908	RtlLookupFunctionTable	stdcall	long,ptr,ptr	arch=!i386	-	0
909	RtlMakeSelfRelativeSD	stdcall	ptr,ptr,ptr	-	-	0
910	RtlMapGenericMask	stdcall	ptr,ptr	-	-	0
913	RtlMoveMemory	stdcall	ptr,ptr,long	-	-	0
915	RtlMultiByteToUnicodeN	stdcall	ptr,long,ptr,ptr,long	-	-	0
916	RtlMultiByteToUnicodeSize	stdcall	ptr,str,long	-	-	0
917	RtlNewInstanceSecurityObject	stub	-	-	-	0
918	RtlNewSecurityGrantedAccess	stub	-	-	-	0
919	RtlNewSecurityObject	stdcall	ptr,ptr,ptr,long,ptr,ptr	-	-	0
920	RtlNewSecurityObjectEx	stdcall	ptr,ptr,ptr,ptr,long,long,long,ptr	-	-	0
921	RtlNewSecurityObjectWithMultipleInheritance	stdcall	ptr,ptr,ptr,ptr,long,long,long,long,ptr	-	-	0
922	RtlNormalizeProcessParams	stdcall	ptr	-	-	0
923	RtlNormalizeString	stdcall	long,wstr,long,ptr,ptr	-	-	0
925	RtlNtStatusToDosError	stdcall	long	-	-	0
926	RtlNtStatusToDosErrorNoTeb	stdcall	long	-	-	0
927	RtlNumberGenericTableElements	stdcall	ptr	-	-	0
928	RtlNumberGenericTableElementsAvl	stdcall	ptr	-	-	0
929	RtlNumberOfClearBits	stdcall	ptr	-	-	0
930	RtlNumberOfSetBits	stdcall	ptr	-	-	0
931	RtlOemStringToUnicodeSize	stdcall	ptr	-	-	0
932	RtlOemStringToUnicodeString	stdcall	ptr,ptr,long	-	-	0
933	RtlOemToUnicodeN	stdcall	ptr,long,ptr,ptr,long	-	-	0
934	RtlOpenCrossProcessEmulatorWorkConnection	stdcall	long,ptr,ptr	arch=win64	-	0
935	RtlOpenCurrentUser	stdcall	long,ptr	-	-	0
936	RtlPcToFileHeader	stdcall	ptr,ptr	-	-	0
937	RtlPinAtomInAtomTable	stdcall	ptr,long	-	-	0
938	RtlPopFrame	stdcall	ptr	-	-	0
939	RtlPrefixString	stdcall	ptr,ptr,long	-	-	0
940	RtlPrefixUnicodeString	stdcall	ptr,ptr,long	-	-	0
941	RtlProcessFlsData	stdcall	ptr,long	-	-	0
942	RtlPropertySetNameToGuid	stub	-	-	-	0
943	RtlProtectHeap	stub	-	-	-	0
944	RtlPushFrame	stdcall	ptr	-	-	0
945	RtlQueryActivationContextApplicationSettings	stdcall	long,ptr,wstr,wstr,ptr,long,ptr	-	-	0
946	RtlQueryAtomInAtomTable	stdcall	ptr,long,ptr,ptr,ptr,ptr	-	-	0
947	RtlQueryDepthSList	stdcall	ptr	-	-	0
948	RtlQueryDynamicTimeZoneInformation	stdcall	ptr	-	-	0
950	RtlQueryEnvironmentVariable	stdcall	ptr,ptr,long,ptr,long,ptr	-	-	0
949	RtlQueryEnvironmentVariable_U	stdcall	ptr,ptr,ptr	-	-	0
951	RtlQueryHeapInformation	stdcall	long,long,ptr,long,ptr	-	-	0
952	RtlQueryInformationAcl	stdcall	ptr,ptr,long,long	-	-	0
953	RtlQueryInformationActivationContext	stdcall	long,long,ptr,long,ptr,long,ptr	-	-	0
954	RtlQueryInformationActiveActivationContext	stdcall	long,ptr,long,ptr	-	-	0
955	RtlQueryInterfaceMemoryStream	stub	-	-	-	0
956	RtlQueryPackageIdentity	stdcall	long,ptr,ptr,ptr,ptr,ptr	-	-	0
957	RtlQueryPerformanceCounter	stdcall	ptr	-	-	0
958	RtlQueryPerformanceFrequency	stdcall	ptr	-	-	0
959	RtlQueryProcessBackTraceInformation	stub	-	-	-	0
960	RtlQueryProcessDebugInformation	stdcall	long,long,ptr	-	-	0
961	RtlQueryProcessHeapInformation	stdcall	ptr	-	-	0
962	RtlQueryProcessLockInformation	stub	-	-	-	0
963	RtlQueryProcessPlaceholderCompatibilityMode	stdcall	-	-	-	0
964	RtlQueryProperties	stub	-	-	-	0
965	RtlQueryPropertyNames	stub	-	-	-	0
966	RtlQueryPropertySet	stub	-	-	-	0
967	RtlQueryRegistryValues	stdcall	long,ptr,ptr,ptr,ptr	-	-	0
968	RtlQueryRegistryValuesEx	stdcall	long,ptr,ptr,ptr,ptr	-	RtlQueryRegistryValues	0
969	RtlQuerySecurityObject	stub	-	-	-	0
970	RtlQueryTagHeap	stub	-	-	-	0
971	RtlQueryTimeZoneInformation	stdcall	ptr	-	-	0
972	RtlQueryUnbiasedInterruptTime	stdcall	ptr	-	-	0
973	RtlQueueApcWow64Thread	stub	-	-	-	0
974	RtlQueueWorkItem	stdcall	ptr,ptr,long	-	-	0
975	RtlRaiseException	stdcall	ptr	norelay	-	0
976	RtlRaiseStatus	stdcall	long	-	-	0
977	RtlRandom	stdcall	ptr	-	-	0
978	RtlRandomEx	stdcall	ptr	-	-	0
979	RtlRbInsertNodeEx	stdcall	ptr,ptr,long,ptr	-	-	0
980	RtlRbRemoveNode	stdcall	ptr,ptr	-	-	0
981	RtlReAllocateHeap	stdcall	long,long,ptr,long	-	-	0
982	RtlReadMemoryStream	stub	-	-	-	0
983	RtlReadOutOfProcessMemoryStream	stub	-	-	-	0
984	RtlRealPredecessor	stdcall	ptr	-	-	0
985	RtlRealSuccessor	stdcall	ptr	-	-	0
986	RtlRegisterSecureMemoryCacheCallback	stub	-	-	-	0
987	RtlRegisterWait	stdcall	ptr,ptr,ptr,ptr,long,long	-	-	0
988	RtlReleaseActivationContext	stdcall	ptr	-	-	0
989	RtlReleaseMemoryStream	stub	-	-	-	0
990	RtlReleasePath	stdcall	ptr	-	-	0
991	RtlReleasePebLock	stdcall	-	-	-	0
992	RtlReleaseRelativeName	stdcall	ptr	-	-	0
993	RtlReleaseResource	stdcall	ptr	-	-	0
994	RtlReleaseSRWLockExclusive	stdcall	ptr	-	-	0
995	RtlReleaseSRWLockShared	stdcall	ptr	-	-	0
996	RtlRemoteCall	stub	-	-	-	0
997	RtlRemoveVectoredContinueHandler	stdcall	ptr	-	-	0
998	RtlRemoveVectoredExceptionHandler	stdcall	ptr	-	-	0
999	RtlResetNtUserPfn	stdcall	-	-	-	0
1000	RtlResetRtlTranslations	stdcall	ptr	-	-	0
1001	RtlRestoreContext	cdecl	ptr,ptr	-	-	0
1002	RtlRestoreLastWin32Error	stdcall	long	-	RtlSetLastWin32Error	0
1003	RtlRetrieveNtUserPfn	stdcall	ptr,ptr,ptr	-	-	0
1004	RtlRevertMemoryStream	stub	-	-	-	0
1005	RtlRunDecodeUnicodeString	stub	-	-	-	0
1006	RtlRunEncodeUnicodeString	stub	-	-	-	0
1007	RtlRunOnceBeginInitialize	stdcall	ptr,long,ptr	-	-	0
1008	RtlRunOnceComplete	stdcall	ptr,long,ptr	-	-	0
1009	RtlRunOnceExecuteOnce	stdcall	ptr,ptr,ptr,ptr	-	-	0
1010	RtlRunOnceInitialize	stdcall	ptr	-	-	0
1011	RtlSecondsSince1970ToTime	stdcall	long,ptr	-	-	0
1012	RtlSecondsSince1980ToTime	stdcall	long,ptr	-	-	0
1015	RtlSelfRelativeToAbsoluteSD	stdcall	ptr,ptr,ptr,ptr,ptr,ptr,ptr,ptr,ptr,ptr,ptr	-	-	0
1016	RtlSetAllBits	stdcall	ptr	-	-	0
1018	RtlSetBits	stdcall	ptr,long,long	-	-	0
1019	RtlSetControlSecurityDescriptor	stdcall	ptr,long,long	-	-	0
1020	RtlSetCriticalSectionSpinCount	stdcall	ptr,long	-	-	0
1021	RtlSetCurrentDirectory_U	stdcall	ptr	-	-	0
1022	RtlSetCurrentEnvironment	stdcall	wstr,ptr	-	-	0
1023	RtlSetCurrentTransaction	stdcall	ptr	-	-	0
1024	RtlSetDaclSecurityDescriptor	stdcall	ptr,long,ptr,long	-	-	0
1025	RtlSetEnvironmentVariable	stdcall	ptr,ptr,ptr	-	-	0
1026	RtlSetExtendedFeaturesMask	stdcall	ptr,int64	-	-	0
1027	RtlSetGroupSecurityDescriptor	stdcall	ptr,ptr,long	-	-	0
1028	RtlSetHeapInformation	stdcall	long,long,ptr,long	-	-	0
1029	RtlSetInformationAcl	stub	-	-	-	0
1030	RtlSetIoCompletionCallback	stdcall	long,ptr,long	-	-	0
1031	RtlSetLastWin32Error	stdcall	long	-	-	0
1032	RtlSetLastWin32ErrorAndNtStatusFromNtStatus	stdcall	long	-	-	0
1034	RtlSetOwnerSecurityDescriptor	stdcall	ptr,ptr,long	-	-	0
1036	RtlSetProcessPreferredUILanguages	stdcall	long,ptr,ptr	-	-	0
1037	RtlSetProperties	stub	-	-	-	0
1038	RtlSetPropertyClassId	stub	-	-	-	0
1039	RtlSetPropertyNames	stub	-	-	-	0
1040	RtlSetPropertySetClassId	stub	-	-	-	0
1041	RtlSetSaclSecurityDescriptor	stdcall	ptr,long,ptr,long	-	-	0
1042	RtlSetSearchPathMode	stdcall	long	-	-	0
1044	RtlSetSecurityObject	stub	-	-	-	0
1046	RtlSetThreadErrorMode	stdcall	long,ptr	-	-	0
1048	RtlSetThreadPreferredUILanguages	stdcall	long,ptr,ptr	-	-	0
1050	RtlSetTimeZoneInformation	stdcall	ptr	-	-	0
1052	RtlSetUnhandledExceptionFilter	stdcall	ptr	-	-	0
1053	RtlSetUnicodeCallouts	stub	-	-	-	0
1054	RtlSetUserFlagsHeap	stdcall	ptr,long,ptr,long,long	-	-	0
1055	RtlSetUserValueHeap	stdcall	ptr,long,ptr,ptr	-	-	0
1056	RtlSizeHeap	stdcall	long,long,ptr	-	-	0
1057	RtlSleepConditionVariableCS	stdcall	ptr,ptr,ptr	-	-	0
1058	RtlSleepConditionVariableSRW	stdcall	ptr,ptr,ptr,long	-	-	0
1059	RtlSplay	stdcall	ptr	-	-	0
1060	RtlStartRXact	stub	-	-	-	0
1062	RtlStringFromGUID	stdcall	ptr,ptr	-	-	0
1063	RtlSubAuthorityCountSid	stdcall	ptr	-	-	0
1064	RtlSubAuthoritySid	stdcall	ptr,long	-	-	0
1065	RtlSubtreePredecessor	stdcall	ptr	-	-	0
1066	RtlSubtreeSuccessor	stdcall	ptr	-	-	0
1067	RtlSystemTimeToLocalTime	stdcall	ptr,ptr	-	-	0
1068	RtlTimeFieldsToTime	stdcall	ptr,ptr	-	-	0
1069	RtlTimeToElapsedTimeFields	stdcall	ptr,ptr	-	-	0
1070	RtlTimeToSecondsSince1970	stdcall	ptr,ptr	-	-	0
1071	RtlTimeToSecondsSince1980	stdcall	ptr,ptr	-	-	0
1072	RtlTimeToTimeFields	stdcall	ptr,ptr	-	-	0
1081	RtlTryAcquireSRWLockExclusive	stdcall	ptr	-	-	0
1082	RtlTryAcquireSRWLockShared	stdcall	ptr	-	-	0
1083	RtlTryEnterCriticalSection	stdcall	ptr	-	-	0
1084	RtlUTF8ToUnicodeN	stdcall	ptr,long,ptr,ptr,long	-	-	0
1089	RtlUnicodeStringToAnsiSize	stdcall	ptr	-	-	0
1090	RtlUnicodeStringToAnsiString	stdcall	ptr,ptr,long	-	-	0
1091	RtlUnicodeStringToCountedOemString	stub	-	-	-	0
1092	RtlUnicodeStringToInteger	stdcall	ptr,long,ptr	-	-	0
1093	RtlUnicodeStringToOemSize	stdcall	ptr	-	-	0
1094	RtlUnicodeStringToOemString	stdcall	ptr,ptr,long	-	-	0
1095	RtlUnicodeToCustomCPN	stdcall	ptr,ptr,long,ptr,wstr,long	-	-	0
1096	RtlUnicodeToMultiByteN	stdcall	ptr,long,ptr,ptr,long	-	-	0
1097	RtlUnicodeToMultiByteSize	stdcall	ptr,ptr,long	-	-	0
1098	RtlUnicodeToOemN	stdcall	ptr,long,ptr,ptr,long	-	-	0
1099	RtlUnicodeToUTF8N	stdcall	ptr,long,ptr,ptr,long	-	-	0
1100	RtlUniform	stdcall	ptr	-	-	0
1102	RtlUnlockHeap	stdcall	long	-	-	0
1104	RtlUnwind	stdcall	ptr,ptr,ptr,ptr	norelay	-	0
1105	RtlUnwindEx	stdcall	ptr,ptr,ptr,ptr,ptr,ptr	arch=!i386	-	0
1106	RtlUpcaseUnicodeChar	stdcall	long	-	-	0
1107	RtlUpcaseUnicodeString	stdcall	ptr,ptr,long	-	-	0
1108	RtlUpcaseUnicodeStringToAnsiString	stdcall	ptr,ptr,long	-	-	0
1109	RtlUpcaseUnicodeStringToCountedOemString	stdcall	ptr,ptr,long	-	-	0
1110	RtlUpcaseUnicodeStringToOemString	stdcall	ptr,ptr,long	-	-	0
1111	RtlUpcaseUnicodeToCustomCPN	stdcall	ptr,ptr,long,ptr,wstr,long	-	-	0
1112	RtlUpcaseUnicodeToMultiByteN	stdcall	ptr,long,ptr,ptr,long	-	-	0
1113	RtlUpcaseUnicodeToOemN	stdcall	ptr,long,ptr,ptr,long	-	-	0
1114	RtlUpdateTimer	stdcall	ptr,ptr,long,long	-	-	0
1115	RtlUpperChar	stdcall	long	-	-	0
1116	RtlUpperString	stdcall	ptr,ptr	-	-	0
1117	RtlUsageHeap	stub	-	-	-	0
1118	RtlUserThreadStart	stdcall	ptr,ptr	norelay	-	0
1120	RtlValidAcl	stdcall	ptr	-	-	0
1121	RtlValidRelativeSecurityDescriptor	stdcall	ptr,long,long	-	-	0
1122	RtlValidSecurityDescriptor	stdcall	ptr	-	-	0
1123	RtlValidSid	stdcall	ptr	-	-	0
1124	RtlValidateHeap	stdcall	long,long,ptr	-	-	0
1125	RtlValidateProcessHeaps	stub	-	-	-	0
1127	RtlVerifyVersionInfo	stdcall	ptr,long,int64	-	-	0
1128	RtlVirtualUnwind	stdcall	long,long,long,ptr,ptr,ptr,ptr,ptr	arch=!i386	-	0
1129	RtlVirtualUnwind2	stdcall	long,long,long,ptr,ptr,ptr,ptr,ptr,ptr,ptr,ptr,ptr,long	arch=!i386	-	0
1130	RtlWaitOnAddress	stdcall	ptr,ptr,long,ptr	-	-	0
1131	RtlWakeAddressAll	stdcall	ptr	-	-	0
1132	RtlWakeAddressSingle	stdcall	ptr	-	-	0
1133	RtlWakeAllConditionVariable	stdcall	ptr	-	-	0
1134	RtlWakeConditionVariable	stdcall	ptr	-	-	0
1135	RtlWalkFrameChain	stdcall	ptr,long,long	-	-	0
1136	RtlWalkHeap	stdcall	long,ptr	-	-	0
1137	RtlWow64EnableFsRedirection	stdcall	long	-	-	0
1138	RtlWow64EnableFsRedirectionEx	stdcall	long,ptr	-	-	0
1139	RtlWow64GetCpuAreaInfo	stdcall	ptr,long,ptr	arch=win64	-	0
1140	RtlWow64GetCurrentCpuArea	stdcall	ptr,ptr,ptr	arch=win64	-	0
1141	RtlWow64GetCurrentMachine	stdcall	-	-	-	0
1142	RtlWow64GetProcessMachines	stdcall	long,ptr,ptr	-	-	0
1143	RtlWow64GetSharedInfoProcess	stdcall	long,ptr,ptr	-	-	0
1144	RtlWow64GetThreadContext	stdcall	long,ptr	arch=win64	-	0
1145	RtlWow64GetThreadSelectorEntry	stdcall	long,ptr,long,ptr	arch=win64	-	0
1146	RtlWow64IsWowGuestMachineSupported	stdcall	long,ptr	-	-	0
1147	RtlWow64PopAllCrossProcessWorkFromWorkList	stdcall	ptr,ptr	arch=win64	-	0
1148	RtlWow64PopCrossProcessWorkFromFreeList	stdcall	ptr	arch=win64	-	0
1149	RtlWow64PushCrossProcessWorkOntoFreeList	stdcall	ptr,ptr	arch=win64	-	0
1150	RtlWow64PushCrossProcessWorkOntoWorkList	stdcall	ptr,ptr,ptr	arch=win64	-	0
1151	RtlWow64RequestCrossProcessHeavyFlush	stdcall	ptr	arch=win64	-	0
1152	RtlWow64SetThreadContext	stdcall	long,ptr	arch=win64	-	0
1153	RtlWow64SuspendThread	stdcall	long,ptr	arch=win64	-	0
1154	RtlWriteMemoryStream	stub	-	-	-	0
1155	RtlWriteRegistryValue	stdcall	long,ptr,wstr,long,ptr,long	-	-	0
1156	RtlZeroHeap	stub	-	-	-	0
1157	RtlZeroMemory	stdcall	ptr,long	-	-	0
1158	RtlZombifyActivationContext	stdcall	ptr	-	-	0
1162	RtlpNtCreateKey	stdcall	ptr,long,ptr,long,ptr,long,ptr	-	-	0
1163	RtlpNtEnumerateSubKey	stdcall	ptr,ptr,long	-	-	0
1164	RtlpNtMakeTemporaryKey	stdcall	ptr	-	-	0
1165	RtlpNtOpenKey	stdcall	ptr,long,ptr	-	-	0
1166	RtlpNtQueryValueKey	stdcall	long,ptr,ptr,ptr,ptr	-	-	0
1167	RtlpNtSetValueKey	stdcall	ptr,long,ptr,long	-	-	0
1168	RtlpUnWaitCriticalSection	stdcall	ptr	-	-	0
1169	RtlpWaitForCriticalSection	stdcall	ptr	-	-	0
1170	RtlxAnsiStringToUnicodeSize	stdcall	ptr	-	RtlAnsiStringToUnicodeSize	0
1171	RtlxOemStringToUnicodeSize	stdcall	ptr	-	RtlOemStringToUnicodeSize	0
1172	RtlxUnicodeStringToAnsiSize	stdcall	ptr	-	RtlUnicodeStringToAnsiSize	0
1173	RtlxUnicodeStringToOemSize	stdcall	ptr	-	RtlUnicodeStringToOemSize	0
1174	TpAllocCleanupGroup	stdcall	ptr	-	-	0
1175	TpAllocIoCompletion	stdcall	ptr,ptr,ptr,ptr,ptr	-	-	0
1176	TpAllocPool	stdcall	ptr,ptr	-	-	0
1177	TpAllocTimer	stdcall	ptr,ptr,ptr,ptr	-	-	0
1178	TpAllocWait	stdcall	ptr,ptr,ptr,ptr	-	-	0
1179	TpAllocWork	stdcall	ptr,ptr,ptr,ptr	-	-	0
1180	TpCallbackLeaveCriticalSectionOnCompletion	stdcall	ptr,ptr	-	-	0
1181	TpCallbackMayRunLong	stdcall	ptr	-	-	0
1182	TpCallbackReleaseMutexOnCompletion	stdcall	ptr,long	-	-	0
1183	TpCallbackReleaseSemaphoreOnCompletion	stdcall	ptr,long,long	-	-	0
1184	TpCallbackSetEventOnCompletion	stdcall	ptr,long	-	-	0
1185	TpCallbackUnloadDllOnCompletion	stdcall	ptr,ptr	-	-	0
1186	TpCancelAsyncIoOperation	stdcall	ptr	-	-	0
1187	TpDisassociateCallback	stdcall	ptr	-	-	0
1188	TpIsTimerSet	stdcall	ptr	-	-	0
1189	TpPostWork	stdcall	ptr	-	-	0
1190	TpQueryPoolStackInformation	stdcall	ptr,ptr	-	-	0
1191	TpReleaseCleanupGroup	stdcall	ptr	-	-	0
1192	TpReleaseCleanupGroupMembers	stdcall	ptr,long,ptr	-	-	0
1193	TpReleaseIoCompletion	stdcall	ptr	-	-	0
1194	TpReleasePool	stdcall	ptr	-	-	0
1195	TpReleaseTimer	stdcall	ptr	-	-	0
1196	TpReleaseWait	stdcall	ptr	-	-	0
1197	TpReleaseWork	stdcall	ptr	-	-	0
1198	TpSetPoolMaxThreads	stdcall	ptr,long	-	-	0
1199	TpSetPoolMinThreads	stdcall	ptr,long	-	-	0
1200	TpSetPoolStackInformation	stdcall	ptr,ptr	-	-	0
1201	TpSetTimer	stdcall	ptr,ptr,long,long	-	-	0
1202	TpSetWait	stdcall	ptr,long,ptr	-	-	0
1203	TpSimpleTryPost	stdcall	ptr,ptr,ptr	-	-	0
1204	TpStartAsyncIoOperation	stdcall	ptr	-	-	0
1205	TpWaitForIoCompletion	stdcall	ptr,long	-	-	0
1206	TpWaitForTimer	stdcall	ptr,long	-	-	0
1207	TpWaitForWait	stdcall	ptr,long	-	-	0
1208	TpWaitForWork	stdcall	ptr,long	-	-	0
1209	VerSetConditionMask	stdcall	int64,long,long	ret64	-	0
1210	WinSqmEndSession	stdcall	long	-	-	0
1211	WinSqmIncrementDWORD	stdcall	long,long,long	-	-	0
1212	WinSqmIsOptedIn	stdcall	-	-	-	0
1213	WinSqmSetDWORD	stdcall	ptr,long,long	-	-	0
1214	WinSqmSetIfMaxDWORD	stdcall	long,long,long	-	-	0
1215	WinSqmStartSession	stdcall	ptr,long,long	-	-	0
1217	ZwAcceptConnectPort	stdcall	ptr,long,ptr,long,ptr,ptr	private	NtAcceptConnectPort	0
1218	ZwAccessCheck	stdcall	ptr,long,long,ptr,ptr,ptr,ptr,ptr	private	NtAccessCheck	0
1219	ZwAccessCheckAndAuditAlarm	stdcall	ptr,long,ptr,ptr,ptr,long,ptr,long,ptr,ptr,ptr	private	NtAccessCheckAndAuditAlarm	0
1221	ZwAccessCheckByTypeAndAuditAlarm	stdcall	ptr,long,ptr,ptr,ptr,ptr,long,long,long,ptr,long,ptr,long,ptr,ptr,ptr	private	NtAccessCheckByTypeAndAuditAlarm	0
1225	ZwAddAtom	stdcall	ptr,long,ptr	private	NtAddAtom	0
1227	ZwAdjustGroupsToken	stdcall	long,long,ptr,long,ptr,ptr	private	NtAdjustGroupsToken	0
1228	ZwAdjustPrivilegesToken	stdcall	long,long,ptr,long,ptr,ptr	private	NtAdjustPrivilegesToken	0
1229	ZwAlertMultipleThreadByThreadId	stdcall	ptr,long,ptr,ptr	private	NtAlertMultipleThreadByThreadId	0
1230	ZwAlertResumeThread	stdcall	long,ptr	private	NtAlertResumeThread	0
1231	ZwAlertThread	stdcall	long	private	NtAlertThread	0
1232	ZwAlertThreadByThreadId	stdcall	ptr	private	NtAlertThreadByThreadId	0
1233	ZwAllocateLocallyUniqueId	stdcall	ptr	private	NtAllocateLocallyUniqueId	0
1234	ZwAllocateReserveObject	stdcall	ptr,ptr,long	private	NtAllocateReserveObject	0
1236	ZwAllocateUuids	stdcall	ptr,ptr,ptr,ptr	private	NtAllocateUuids	0
1237	ZwAllocateVirtualMemory	stdcall	long,ptr,long,ptr,long,long	private	NtAllocateVirtualMemory	0
1238	ZwAllocateVirtualMemoryEx	stdcall	long,ptr,ptr,long,long,ptr,long	private	NtAllocateVirtualMemoryEx	0
1239	ZwAlpcAcceptConnectPort	stdcall	ptr,ptr,long,ptr,ptr,ptr,ptr,ptr,long	private	NtAlpcAcceptConnectPort	0
1240	ZwAlpcConnectPort	stdcall	ptr,ptr,ptr,ptr,long,ptr,ptr,ptr,ptr,ptr,ptr	private	NtAlpcConnectPort	0
1241	ZwAlpcCreatePort	stdcall	ptr,ptr,ptr	private	NtAlpcCreatePort	0
1242	ZwAlpcDisconnectPort	stdcall	ptr,long	private	NtAlpcDisconnectPort	0
1243	ZwAlpcImpersonateClientOfPort	stdcall	ptr,ptr,ptr	private	NtAlpcImpersonateClientOfPort	0
1244	ZwAlpcSendWaitReceivePort	stdcall	ptr,long,ptr,ptr,ptr,ptr,ptr,ptr	private	NtAlpcSendWaitReceivePort	0
1245	ZwApphelpCacheControl	stdcall	-	private	NtApphelpCacheControl	0
1246	ZwAreMappedFilesTheSame	stdcall	ptr,ptr	private	NtAreMappedFilesTheSame	0
1247	ZwAssignProcessToJobObject	stdcall	long,long	private	NtAssignProcessToJobObject	0
1248	ZwCallbackReturn	stdcall	ptr,long,long	private	NtCallbackReturn	0
1249	ZwCancelIoFile	stdcall	long,ptr	private	NtCancelIoFile	0
1250	ZwCancelIoFileEx	stdcall	long,ptr,ptr	private	NtCancelIoFileEx	0
1251	ZwCancelSynchronousIoFile	stdcall	long,ptr,ptr	private	NtCancelSynchronousIoFile	0
1252	ZwCancelTimer	stdcall	long,ptr	private	NtCancelTimer	0
1253	ZwClearEvent	stdcall	long	private	NtClearEvent	0
1254	ZwClose	stdcall	long	private	NtClose	0
1255	ZwCloseObjectAuditAlarm	stdcall	ptr,long,long	private	NtCloseObjectAuditAlarm	0
1256	ZwCommitTransaction	stdcall	long,long	private	NtCommitTransaction	0
1258	ZwCompareObjects	stdcall	ptr,ptr	private	NtCompareObjects	0
1259	ZwCompareTokens	stdcall	ptr,ptr,ptr	private	NtCompareTokens	0
1260	ZwCompleteConnectPort	stdcall	ptr	private	NtCompleteConnectPort	0
1262	ZwConnectPort	stdcall	ptr,ptr,ptr,ptr,ptr,ptr,ptr,ptr	private	NtConnectPort	0
1263	ZwContinue	stdcall	ptr,long	private	NtContinue	0
1264	ZwContinueEx	stdcall	ptr,ptr	private	NtContinueEx	0
1265	ZwConvertBetweenAuxiliaryCounterAndPerformanceCounter	stdcall	long,ptr,ptr,ptr	private	NtConvertBetweenAuxiliaryCounterAndPerformanceCounter	0
1266	ZwCreateDebugObject	stdcall	ptr,long,ptr,long	private	NtCreateDebugObject	0
1267	ZwCreateDirectoryObject	stdcall	ptr,long,ptr	private	NtCreateDirectoryObject	0
1268	ZwCreateEvent	stdcall	ptr,long,ptr,long,long	private	NtCreateEvent	0
1270	ZwCreateFile	stdcall	ptr,long,ptr,ptr,ptr,long,long,long,long,ptr,long	private	NtCreateFile	0
1271	ZwCreateIoCompletion	stdcall	ptr,long,ptr,long	private	NtCreateIoCompletion	0
1272	ZwCreateJobObject	stdcall	ptr,long,ptr	private	NtCreateJobObject	0
1274	ZwCreateKey	stdcall	ptr,long,ptr,long,ptr,long,ptr	private	NtCreateKey	0
1275	ZwCreateKeyTransacted	stdcall	ptr,long,ptr,long,ptr,long,long,ptr	private	NtCreateKeyTransacted	0
1276	ZwCreateKeyedEvent	stdcall	ptr,long,ptr,long	private	NtCreateKeyedEvent	0
1277	ZwCreateLowBoxToken	stdcall	ptr,long,long,ptr,ptr,long,ptr,long,ptr	private	NtCreateLowBoxToken	0
1278	ZwCreateMailslotFile	stdcall	ptr,long,ptr,ptr,long,long,long,ptr	private	NtCreateMailslotFile	0
1279	ZwCreateMutant	stdcall	ptr,long,ptr,long	private	NtCreateMutant	0
1280	ZwCreateNamedPipeFile	stdcall	ptr,long,ptr,ptr,long,long,long,long,long,long,long,long,long,ptr	private	NtCreateNamedPipeFile	0
1281	ZwCreatePagingFile	stdcall	ptr,ptr,ptr,ptr	private	NtCreatePagingFile	0
1282	ZwCreatePort	stdcall	ptr,ptr,long,long,ptr	private	NtCreatePort	0
1284	ZwCreateProcessEx	stdcall	-	private	NtCreateProcessEx	0
1286	ZwCreateSection	stdcall	ptr,long,ptr,ptr,long,long,long	private	NtCreateSection	0
1287	ZwCreateSectionEx	stdcall	ptr,long,ptr,ptr,long,long,long,ptr,long	private	NtCreateSectionEx	0
1288	ZwCreateSemaphore	stdcall	ptr,long,ptr,long,long	private	NtCreateSemaphore	0
1289	ZwCreateSymbolicLinkObject	stdcall	ptr,long,ptr,ptr	private	NtCreateSymbolicLinkObject	0
1290	ZwCreateThread	stdcall	ptr,long,ptr,long,ptr,ptr,ptr,long	private	NtCreateThread	0
1291	ZwCreateThreadEx	stdcall	ptr,long,ptr,long,ptr,ptr,long,long,long,long,ptr	private	NtCreateThreadEx	0
1292	ZwCreateTimer	stdcall	ptr,long,ptr,long	private	NtCreateTimer	0
1293	ZwCreateToken	stdcall	ptr,long,ptr,long,ptr,ptr,ptr,ptr,ptr,ptr,ptr,ptr,ptr	private	NtCreateToken	0
1294	ZwCreateTransaction	stdcall	ptr,long,ptr,ptr,long,long,long,long,ptr,ptr	private	NtCreateTransaction	0
1295	ZwCreateUserProcess	stdcall	ptr,ptr,long,long,ptr,ptr,long,long,ptr,ptr,ptr	private	NtCreateUserProcess	0
1297	ZwDebugActiveProcess	stdcall	long,long	private	NtDebugActiveProcess	0
1298	ZwDebugContinue	stdcall	long,ptr,long	private	NtDebugContinue	0
1299	ZwDelayExecution	stdcall	long,ptr	private	NtDelayExecution	0
1300	ZwDeleteAtom	stdcall	long	private	NtDeleteAtom	0
1302	ZwDeleteFile	stdcall	ptr	private	NtDeleteFile	0
1303	ZwDeleteKey	stdcall	long	private	NtDeleteKey	0
1305	ZwDeleteValueKey	stdcall	long,ptr	private	NtDeleteValueKey	0
1306	ZwDeviceIoControlFile	stdcall	long,long,ptr,ptr,ptr,long,ptr,long,ptr,long	private	NtDeviceIoControlFile	0
1307	ZwDisplayString	stdcall	ptr	private	NtDisplayString	0
1308	ZwDuplicateObject	stdcall	long,long,long,ptr,long,long,long	private	NtDuplicateObject	0
1309	ZwDuplicateToken	stdcall	long,long,ptr,long,long,ptr	private	NtDuplicateToken	0
1311	ZwEnumerateKey	stdcall	long,long,long,ptr,long,ptr	private	NtEnumerateKey	0
1313	ZwEnumerateValueKey	stdcall	long,long,long,ptr,long,ptr	private	NtEnumerateValueKey	0
1315	ZwFilterToken	stdcall	long,long,ptr,ptr,ptr,ptr	private	NtFilterToken	0
1316	ZwFindAtom	stdcall	ptr,long,ptr	private	NtFindAtom	0
1317	ZwFlushBuffersFile	stdcall	long,ptr	private	NtFlushBuffersFile	0
1318	ZwFlushBuffersFileEx	stdcall	long,long,ptr,long,ptr	private	NtFlushBuffersFileEx	0
1319	ZwFlushInstructionCache	stdcall	long,ptr,long	private	NtFlushInstructionCache	0
1320	ZwFlushKey	stdcall	long	private	NtFlushKey	0
1321	ZwFlushProcessWriteBuffers	stdcall	-	private	NtFlushProcessWriteBuffers	0
1322	ZwFlushVirtualMemory	stdcall	long,ptr,ptr,ptr	private	NtFlushVirtualMemory	0
1325	ZwFreeVirtualMemory	stdcall	long,ptr,ptr,long	private	NtFreeVirtualMemory	0
1326	ZwFsControlFile	stdcall	long,long,ptr,ptr,ptr,long,ptr,long,ptr,long	private	NtFsControlFile	0
1327	ZwGetContextThread	stdcall	long,ptr	norelay;private	NtGetContextThread	0
1328	ZwGetCurrentProcessorNumber	stdcall	-	private	NtGetCurrentProcessorNumber	0
1330	ZwGetNextProcess	stdcall	ptr,long,long,long,ptr	private	NtGetNextProcess	0
1331	ZwGetNextThread	stdcall	ptr,ptr,long,long,long,ptr	private	NtGetNextThread	0
1332	ZwGetNlsSectionPtr	stdcall	long,long,long,ptr,ptr	private	NtGetNlsSectionPtr	0
1334	ZwGetWriteWatch	stdcall	long,long,ptr,long,ptr,ptr,ptr	private	NtGetWriteWatch	0
1335	ZwImpersonateAnonymousToken	stdcall	long	private	NtImpersonateAnonymousToken	0
1336	ZwImpersonateClientOfPort	stdcall	long,ptr	private	NtImpersonateClientOfPort	0
1338	ZwInitializeNlsFiles	stdcall	ptr,ptr,ptr	private	NtInitializeNlsFiles	0
1340	ZwInitiatePowerAction	stdcall	long,long,long,long	private	NtInitiatePowerAction	0
1341	ZwIsProcessInJob	stdcall	long,long	private	NtIsProcessInJob	0
1343	ZwListenPort	stdcall	ptr,ptr	private	NtListenPort	0
1344	ZwLoadDriver	stdcall	ptr	private	NtLoadDriver	0
1346	ZwLoadKey	stdcall	ptr,ptr	private	NtLoadKey	0
1345	ZwLoadKey2	stdcall	ptr,ptr,long	private	NtLoadKey2	0
1347	ZwLoadKeyEx	stdcall	ptr,ptr,long,long,long,long,ptr,ptr	private	NtLoadKeyEx	0
1348	ZwLockFile	stdcall	long,long,ptr,ptr,ptr,ptr,ptr,ptr,long,long	private	NtLockFile	0
1351	ZwLockVirtualMemory	stdcall	long,ptr,ptr,long	private	NtLockVirtualMemory	0
1352	ZwMakePermanentObject	stdcall	long	private	NtMakePermanentObject	0
1353	ZwMakeTemporaryObject	stdcall	long	private	NtMakeTemporaryObject	0
1355	ZwMapUserPhysicalPagesScatter	stdcall	-	private	NtMapUserPhysicalPagesScatter	0
1356	ZwMapViewOfSection	stdcall	long,long,ptr,long,long,ptr,ptr,long,long,long	private	NtMapViewOfSection	0
1357	ZwMapViewOfSectionEx	stdcall	long,long,ptr,ptr,ptr,long,long,ptr,long	private	NtMapViewOfSectionEx	0
1359	ZwNotifyChangeDirectoryFile	stdcall	long,long,ptr,ptr,ptr,ptr,long,long,long	private	NtNotifyChangeDirectoryFile	0
1360	ZwNotifyChangeKey	stdcall	long,long,ptr,ptr,ptr,long,long,ptr,long,long	private	NtNotifyChangeKey	0
1361	ZwNotifyChangeMultipleKeys	stdcall	long,long,ptr,long,ptr,ptr,ptr,long,long,ptr,long,long	private	NtNotifyChangeMultipleKeys	0
1362	ZwOpenDirectoryObject	stdcall	ptr,long,ptr	private	NtOpenDirectoryObject	0
1363	ZwOpenEvent	stdcall	ptr,long,ptr	private	NtOpenEvent	0
1365	ZwOpenFile	stdcall	ptr,long,ptr,ptr,long,long	private	NtOpenFile	0
1366	ZwOpenIoCompletion	stdcall	ptr,long,ptr	private	NtOpenIoCompletion	0
1367	ZwOpenJobObject	stdcall	ptr,long,ptr	private	NtOpenJobObject	0
1368	ZwOpenKey	stdcall	ptr,long,ptr	private	NtOpenKey	0
1369	ZwOpenKeyEx	stdcall	ptr,long,ptr,long	private	NtOpenKeyEx	0
1370	ZwOpenKeyTransacted	stdcall	ptr,long,ptr,long	private	NtOpenKeyTransacted	0
1371	ZwOpenKeyTransactedEx	stdcall	ptr,long,ptr,long,long	private	NtOpenKeyTransactedEx	0
1372	ZwOpenKeyedEvent	stdcall	ptr,long,ptr	private	NtOpenKeyedEvent	0
1373	ZwOpenMutant	stdcall	ptr,long,ptr	private	NtOpenMutant	0
1375	ZwOpenProcess	stdcall	ptr,long,ptr,ptr	private	NtOpenProcess	0
1376	ZwOpenProcessToken	stdcall	long,long,ptr	private	NtOpenProcessToken	0
1377	ZwOpenProcessTokenEx	stdcall	long,long,long,ptr	private	NtOpenProcessTokenEx	0
1378	ZwOpenSection	stdcall	ptr,long,ptr	private	NtOpenSection	0
1379	ZwOpenSemaphore	stdcall	ptr,long,ptr	private	NtOpenSemaphore	0
1380	ZwOpenSymbolicLinkObject	stdcall	ptr,long,ptr	private	NtOpenSymbolicLinkObject	0
1381	ZwOpenThread	stdcall	ptr,long,ptr,ptr	private	NtOpenThread	0
1382	ZwOpenThreadToken	stdcall	long,long,long,ptr	private	NtOpenThreadToken	0
1383	ZwOpenThreadTokenEx	stdcall	long,long,long,long,ptr	private	NtOpenThreadTokenEx	0
1384	ZwOpenTimer	stdcall	ptr,long,ptr	private	NtOpenTimer	0
1386	ZwPowerInformation	stdcall	long,ptr,long,ptr,long	private	NtPowerInformation	0
1387	ZwPrivilegeCheck	stdcall	ptr,ptr,ptr	private	NtPrivilegeCheck	0
1390	ZwProtectVirtualMemory	stdcall	long,ptr,ptr,long,ptr	private	NtProtectVirtualMemory	0
1391	ZwPulseEvent	stdcall	long,ptr	private	NtPulseEvent	0
1392	ZwQueryAttributesFile	stdcall	ptr,ptr	private	NtQueryAttributesFile	0
1396	ZwQueryDefaultLocale	stdcall	long,ptr	private	NtQueryDefaultLocale	0
1397	ZwQueryDefaultUILanguage	stdcall	ptr	private	NtQueryDefaultUILanguage	0
1398	ZwQueryDirectoryFile	stdcall	long,long,ptr,ptr,ptr,ptr,long,long,long,ptr,long	private	NtQueryDirectoryFile	0
1399	ZwQueryDirectoryObject	stdcall	long,ptr,long,long,long,ptr,ptr	private	NtQueryDirectoryObject	0
1400	ZwQueryEaFile	stdcall	long,ptr,ptr,long,long,ptr,long,ptr,long	private	NtQueryEaFile	0
1401	ZwQueryEvent	stdcall	long,long,ptr,long,ptr	private	NtQueryEvent	0
1402	ZwQueryFullAttributesFile	stdcall	ptr,ptr	private	NtQueryFullAttributesFile	0
1403	ZwQueryInformationAtom	stdcall	long,long,ptr,long,ptr	private	NtQueryInformationAtom	0
1404	ZwQueryInformationFile	stdcall	long,ptr,ptr,long,long	private	NtQueryInformationFile	0
1405	ZwQueryInformationJobObject	stdcall	long,long,ptr,long,ptr	private	NtQueryInformationJobObject	0
1407	ZwQueryInformationProcess	stdcall	long,long,ptr,long,ptr	private	NtQueryInformationProcess	0
1408	ZwQueryInformationThread	stdcall	long,long,ptr,long,ptr	private	NtQueryInformationThread	0
1409	ZwQueryInformationToken	stdcall	long,long,ptr,long,ptr	private	NtQueryInformationToken	0
1410	ZwQueryInstallUILanguage	stdcall	ptr	private	NtQueryInstallUILanguage	0
1412	ZwQueryIoCompletion	stdcall	long,long,ptr,long,ptr	private	NtQueryIoCompletion	0
1413	ZwQueryKey	stdcall	long,long,ptr,long,ptr	private	NtQueryKey	0
1414	ZwQueryLicenseValue	stdcall	ptr,ptr,ptr,long,ptr	private	NtQueryLicenseValue	0
1415	ZwQueryMultipleValueKey	stdcall	long,ptr,long,ptr,long,ptr	private	NtQueryMultipleValueKey	0
1416	ZwQueryMutant	stdcall	long,long,ptr,long,ptr	private	NtQueryMutant	0
1417	ZwQueryObject	stdcall	long,long,ptr,long,ptr	private	NtQueryObject	0
1419	ZwQueryPerformanceCounter	stdcall	ptr,ptr	private	NtQueryPerformanceCounter	0
1422	ZwQuerySection	stdcall	long,long,ptr,long,ptr	private	NtQuerySection	0
1423	ZwQuerySecurityObject	stdcall	long,long,ptr,long,ptr	private	NtQuerySecurityObject	0
1424	ZwQuerySemaphore	stdcall	long,long,ptr,long,ptr	private	NtQuerySemaphore	0
1425	ZwQuerySymbolicLinkObject	stdcall	long,ptr,ptr	private	NtQuerySymbolicLinkObject	0
1426	ZwQuerySystemEnvironmentValue	stdcall	ptr,ptr,long,ptr	private	NtQuerySystemEnvironmentValue	0
1427	ZwQuerySystemEnvironmentValueEx	stdcall	ptr,ptr,ptr,ptr,ptr	private	NtQuerySystemEnvironmentValueEx	0
1428	ZwQuerySystemInformation	stdcall	long,ptr,long,ptr	private	NtQuerySystemInformation	0
1429	ZwQuerySystemInformationEx	stdcall	long,ptr,long,ptr,long,ptr	private	NtQuerySystemInformationEx	0
1430	ZwQuerySystemTime	stdcall	ptr	private	NtQuerySystemTime	0
1431	ZwQueryTimer	stdcall	ptr,long,ptr,long,ptr	private	NtQueryTimer	0
1432	ZwQueryTimerResolution	stdcall	ptr,ptr,ptr	private	NtQueryTimerResolution	0
1433	ZwQueryValueKey	stdcall	long,ptr,long,ptr,long,ptr	private	NtQueryValueKey	0
1434	ZwQueryVirtualMemory	stdcall	long,ptr,long,ptr,long,ptr	private	NtQueryVirtualMemory	0
1435	ZwQueryVolumeInformationFile	stdcall	long,ptr,ptr,long,long	private	NtQueryVolumeInformationFile	0
1436	ZwQueueApcThread	stdcall	long,ptr,long,long,long	private	NtQueueApcThread	0
1437	ZwQueueApcThreadEx	stdcall	long,long,ptr,long,long,long	private	NtQueueApcThreadEx	0
1438	ZwQueueApcThreadEx2	stdcall	long,long,long,ptr,long,long,long	private	NtQueueApcThreadEx2	0
1439	ZwRaiseException	stdcall	ptr,ptr,long	private	NtRaiseException	0
1440	ZwRaiseHardError	stdcall	long,long,long,ptr,long,ptr	private	NtRaiseHardError	0
1441	ZwReadFile	stdcall	long,long,ptr,ptr,ptr,ptr,long,ptr,ptr	private	NtReadFile	0
1442	ZwReadFileScatter	stdcall	long,long,ptr,ptr,ptr,ptr,long,ptr,ptr	private	NtReadFileScatter	0
1443	ZwReadRequestData	stdcall	long,ptr,long,ptr,long,ptr	private	NtReadRequestData	0
1444	ZwReadVirtualMemory	stdcall	long,ptr,ptr,long,ptr	private	NtReadVirtualMemory	0
1445	ZwRegisterThreadTerminatePort	stdcall	ptr	private	NtRegisterThreadTerminatePort	0
1446	ZwReleaseKeyedEvent	stdcall	long,ptr,long,ptr	private	NtReleaseKeyedEvent	0
1447	ZwReleaseMutant	stdcall	long,ptr	private	NtReleaseMutant	0
1448	ZwReleaseSemaphore	stdcall	long,long,ptr	private	NtReleaseSemaphore	0
1449	ZwRemoveIoCompletion	stdcall	ptr,ptr,ptr,ptr,ptr	private	NtRemoveIoCompletion	0
1450	ZwRemoveIoCompletionEx	stdcall	ptr,ptr,long,ptr,ptr,long	private	NtRemoveIoCompletionEx	0
1451	ZwRemoveProcessDebug	stdcall	long,long	private	NtRemoveProcessDebug	0
1452	ZwRenameKey	stdcall	long,ptr	private	NtRenameKey	0
1453	ZwReplaceKey	stdcall	ptr,long,ptr	private	NtReplaceKey	0
1454	ZwReplyPort	stdcall	long,ptr	private	NtReplyPort	0
1455	ZwReplyWaitReceivePort	stdcall	ptr,ptr,ptr,ptr	private	NtReplyWaitReceivePort	0
1456	ZwReplyWaitReceivePortEx	stdcall	long,ptr,ptr,ptr,ptr	private	NtReplyWaitReceivePortEx	0
1459	ZwRequestWaitReplyPort	stdcall	ptr,ptr,ptr	private	NtRequestWaitReplyPort	0
1460	ZwResetEvent	stdcall	long,ptr	private	NtResetEvent	0
1461	ZwResetWriteWatch	stdcall	long,ptr,long	private	NtResetWriteWatch	0
1462	ZwRestoreKey	stdcall	long,long,long	private	NtRestoreKey	0
1463	ZwResumeProcess	stdcall	long	private	NtResumeProcess	0
1464	ZwResumeThread	stdcall	long,ptr	private	NtResumeThread	0
1465	ZwRollbackTransaction	stdcall	long,long	private	NtRollbackTransaction	0
1466	ZwSaveKey	stdcall	long,long	private	NtSaveKey	0
1469	ZwSecureConnectPort	stdcall	ptr,ptr,ptr,ptr,ptr,ptr,ptr,ptr,ptr	private	NtSecureConnectPort	0
1472	ZwSetContextThread	stdcall	long,ptr	private	NtSetContextThread	0
1473	ZwSetDebugFilterState	stdcall	long,long,long	private	NtSetDebugFilterState	0
1475	ZwSetDefaultLocale	stdcall	long,long	private	NtSetDefaultLocale	0
1476	ZwSetDefaultUILanguage	stdcall	long	private	NtSetDefaultUILanguage	0
1477	ZwSetEaFile	stdcall	long,ptr,ptr,long	private	NtSetEaFile	0
1478	ZwSetEvent	stdcall	long,ptr	private	NtSetEvent	0
1479	ZwSetEventBoostPriority	stdcall	long	private	NtSetEventBoostPriority	0
1482	ZwSetInformationDebugObject	stdcall	long,long,ptr,long,ptr	private	NtSetInformationDebugObject	0
1483	ZwSetInformationFile	stdcall	long,ptr,ptr,long,long	private	NtSetInformationFile	0
1484	ZwSetInformationJobObject	stdcall	long,long,ptr,long	private	NtSetInformationJobObject	0
1485	ZwSetInformationKey	stdcall	long,long,ptr,long	private	NtSetInformationKey	0
1486	ZwSetInformationObject	stdcall	long,long,ptr,long	private	NtSetInformationObject	0
1487	ZwSetInformationProcess	stdcall	long,long,ptr,long	private	NtSetInformationProcess	0
1488	ZwSetInformationThread	stdcall	long,long,ptr,long	private	NtSetInformationThread	0
1489	ZwSetInformationToken	stdcall	long,long,ptr,long	private	NtSetInformationToken	0
1490	ZwSetInformationVirtualMemory	stdcall	long,long,ptr,ptr,ptr,long	private	NtSetInformationVirtualMemory	0
1491	ZwSetIntervalProfile	stdcall	long,long	private	NtSetIntervalProfile	0
1492	ZwSetIoCompletion	stdcall	ptr,long,long,long,long	private	NtSetIoCompletion	0
1493	ZwSetIoCompletionEx	stdcall	ptr,ptr,long,long,long,long	private	NtSetIoCompletionEx	0
1494	ZwSetLdtEntries	stdcall	long,long,long,long,long,long	private	NtSetLdtEntries	0
1498	ZwSetSecurityObject	stdcall	long,long,ptr	private	NtSetSecurityObject	0
1501	ZwSetSystemInformation	stdcall	long,ptr,long	private	NtSetSystemInformation	0
1503	ZwSetSystemTime	stdcall	ptr,ptr	private	NtSetSystemTime	0
1504	ZwSetThreadExecutionState	stdcall	long,ptr	private	NtSetThreadExecutionState	0
1505	ZwSetTimer	stdcall	long,ptr,ptr,ptr,long,long,ptr	private	NtSetTimer	0
1506	ZwSetTimerResolution	stdcall	long,long,ptr	private	NtSetTimerResolution	0
1508	ZwSetValueKey	stdcall	long,ptr,long,long,ptr,long	private	NtSetValueKey	0
1509	ZwSetVolumeInformationFile	stdcall	long,ptr,ptr,long,long	private	NtSetVolumeInformationFile	0
1510	ZwShutdownSystem	stdcall	long	private	NtShutdownSystem	0
1511	ZwSignalAndWaitForSingleObject	stdcall	long,long,long,ptr	private	NtSignalAndWaitForSingleObject	0
1514	ZwSuspendProcess	stdcall	long	private	NtSuspendProcess	0
1515	ZwSuspendThread	stdcall	long,ptr	private	NtSuspendThread	0
1516	ZwSystemDebugControl	stdcall	long,ptr,long,ptr,long,ptr	private	NtSystemDebugControl	0
1517	ZwTerminateJobObject	stdcall	long,long	private	NtTerminateJobObject	0
1518	ZwTerminateProcess	stdcall	long,long	private	NtTerminateProcess	0
1519	ZwTerminateThread	stdcall	long,long	private	NtTerminateThread	0
1520	ZwTestAlert	stdcall	-	private	NtTestAlert	0
1521	ZwTraceControl	stdcall	long,ptr,long,ptr,long,long	private	NtTraceControl	0
1522	ZwTraceEvent	stdcall	-	private	NtTraceEvent	0
1524	ZwUnloadDriver	stdcall	ptr	private	NtUnloadDriver	0
1525	ZwUnloadKey	stdcall	ptr	private	NtUnloadKey	0
1527	ZwUnlockFile	stdcall	long,ptr,ptr,ptr,ptr	private	NtUnlockFile	0
1528	ZwUnlockVirtualMemory	stdcall	long,ptr,ptr,long	private	NtUnlockVirtualMemory	0
1529	ZwUnmapViewOfSection	stdcall	long,ptr	private	NtUnmapViewOfSection	0
1530	ZwUnmapViewOfSectionEx	stdcall	long,ptr,long	private	NtUnmapViewOfSectionEx	0
1532	ZwWaitForAlertByThreadId	stdcall	ptr,ptr	private	NtWaitForAlertByThreadId	0
1533	ZwWaitForDebugEvent	stdcall	long,long,ptr,ptr	private	NtWaitForDebugEvent	0
1534	ZwWaitForKeyedEvent	stdcall	long,ptr,long,ptr	private	NtWaitForKeyedEvent	0
1535	ZwWaitForMultipleObjects	stdcall	long,ptr,long,long,ptr	private	NtWaitForMultipleObjects	0
1536	ZwWaitForMultipleObjects32	stdcall	-	private	NtWaitForMultipleObjects32	0
1537	ZwWaitForSingleObject	stdcall	long,long,ptr	private	NtWaitForSingleObject	0
1540	ZwWorkerFactoryWorkerReady	stdcall	ptr	private	NtWorkerFactoryWorkerReady	0
1547	ZwWriteFile	stdcall	long,long,ptr,ptr,ptr,ptr,long,ptr,ptr	private	NtWriteFile	0
1548	ZwWriteFileGather	stdcall	long,long,ptr,ptr,ptr,ptr,long,ptr,ptr	private	NtWriteFileGather	0
1549	ZwWriteRequestData	stdcall	long,ptr,long,ptr,long,ptr	private	NtWriteRequestData	0
1550	ZwWriteVirtualMemory	stdcall	long,ptr,ptr,long,ptr	private	NtWriteVirtualMemory	0
1551	ZwYieldExecution	stdcall	-	private	NtYieldExecution	0
1557	__C_specific_handler	stdcall	ptr,long,ptr,ptr	arch=!i386	-	0
1558	__chkstk	cdecl	-	arch=!i386;norelay	-	0
1560	__isascii	cdecl	long	-	-	0
1561	__iscsym	cdecl	long	-	-	0
1562	__iscsymf	cdecl	long	-	-	0
1564	__toascii	cdecl	long	-	-	0
1767	__wine_ctrl_routine	stdcall	ptr	-	-	1
1775	__wine_dbg_get_channel_flags	cdecl	ptr	norelay	-	1
1776	__wine_dbg_header	cdecl	long,long,str	norelay	-	1
1777	__wine_dbg_output	cdecl	str	norelay	-	1
1778	__wine_dbg_strdup	cdecl	str	norelay	-	1
1774	__wine_dbg_write	stdcall	ptr,long	norelay	-	1
1768	__wine_syscall_dispatcher	extern	-	private	-	1
1769	__wine_unix_call_dispatcher	extern	-	private	-	1
1766	__wine_unix_spawnvp	stdcall	long,ptr	-	-	1
1771	__wine_unixlib_handle	extern	-	private	-	1
1572	_atoi64	cdecl	str	ret64	-	0
1578	_errno	cdecl	-	-	-	0
1579	_fltused	stub	-	-	-	0
1583	_i64toa	cdecl	int64,ptr,long	-	-	0
1584	_i64toa_s	cdecl	int64,ptr,long,long	-	-	0
1585	_i64tow	cdecl	int64,ptr,long	-	-	0
1586	_i64tow_s	cdecl	int64,ptr,long,long	-	-	0
1587	_itoa	cdecl	long,ptr,long	-	-	0
1588	_itoa_s	cdecl	long,ptr,long,long	-	-	0
1589	_itow	cdecl	long,ptr,long	-	-	0
1590	_itow_s	cdecl	long,ptr,long,long	-	-	0
1591	_lfind	cdecl	ptr,ptr,ptr,long,ptr	-	-	0
1592	_local_unwind	stdcall	ptr,ptr	arch=win64	-	0
1593	_ltoa	cdecl	long,ptr,long	-	-	0
1594	_ltoa_s	cdecl	long,ptr,long,long	-	-	0
1595	_ltow	cdecl	long,ptr,long	-	-	0
1596	_ltow_s	cdecl	long,ptr,long,long	-	-	0
1597	_makepath_s	cdecl	ptr,long,str,str,str,str	-	-	0
1598	_memccpy	cdecl	ptr,ptr,long,long	-	-	0
1599	_memicmp	cdecl	str,str,long	-	-	0
1600	_setjmp	cdecl	ptr,ptr	arch=arm,x86_64;norelay	NTDLL__setjmpex	0
1601	_setjmpex	cdecl	ptr,ptr	arch=!i386;norelay	NTDLL__setjmpex	0
1602	_snprintf	varargs	ptr,long,str	-	NTDLL__snprintf	0
1603	_snprintf_s	varargs	ptr,long,long,str	-	-	0
1604	_snwprintf	varargs	ptr,long,wstr	-	-	0
1605	_snwprintf_s	varargs	ptr,long,long,wstr	-	-	0
1606	_splitpath	cdecl	str,ptr,ptr,ptr,ptr	-	-	0
1607	_splitpath_s	cdecl	str,ptr,long,ptr,long,ptr,long,ptr,long	-	-	0
1608	_strcmpi	cdecl	str,str	-	_stricmp	0
1609	_stricmp	cdecl	str,str	-	-	0
1610	_strlwr	cdecl	str	-	-	0
1611	_strlwr_s	cdecl	str,long	-	-	0
1612	_strnicmp	cdecl	str,str,long	-	-	0
1613	_strupr	cdecl	str	-	-	0
1614	_strupr_s	cdecl	str,long	-	-	0
1615	_swprintf	varargs	ptr,wstr	-	NTDLL_swprintf	0
1616	_tolower	cdecl	long	-	-	0
1617	_toupper	cdecl	long	-	-	0
1618	_ui64toa	cdecl	int64,ptr,long	-	-	0
1619	_ui64toa_s	cdecl	int64,ptr,long,long	-	-	0
1620	_ui64tow	cdecl	int64,ptr,long	-	-	0
1621	_ui64tow_s	cdecl	int64,ptr,long,long	-	-	0
1622	_ultoa	cdecl	long,ptr,long	-	-	0
1623	_ultoa_s	cdecl	long,ptr,long,long	-	-	0
1624	_ultow	cdecl	long,ptr,long	-	-	0
1625	_ultow_s	cdecl	long,ptr,long,long	-	-	0
1626	_vscprintf	cdecl	str,ptr	-	-	0
1627	_vscwprintf	cdecl	wstr,ptr	-	-	0
1628	_vsnprintf	cdecl	ptr,long,str,ptr	norelay	-	0
1629	_vsnprintf_s	cdecl	ptr,long,str,ptr	-	-	0
1630	_vsnwprintf	cdecl	ptr,long,wstr,ptr	-	-	0
1631	_vsnwprintf_s	cdecl	ptr,long,long,wstr,ptr	-	-	0
1632	_vswprintf	cdecl	ptr,wstr,ptr	-	-	0
1633	_wcsicmp	cdecl	wstr,wstr	-	-	0
1634	_wcslwr	cdecl	wstr	-	-	0
1635	_wcslwr_s	cdecl	wstr,long	-	-	0
1636	_wcsnicmp	cdecl	wstr,wstr,long	-	-	0
1637	_wcstoi64	cdecl	wstr,ptr,long	ret64	-	0
1638	_wcstoui64	cdecl	wstr,ptr,long	ret64	-	0
1639	_wcsupr	cdecl	wstr	-	-	0
1640	_wcsupr_s	cdecl	wstr,long	-	-	0
1641	_wmakepath_s	cdecl	ptr,long,wstr,wstr,wstr,wstr	-	-	0
1642	_wsplitpath_s	cdecl	wstr,ptr,long,ptr,long,ptr,long,ptr,long	-	-	0
1643	_wtoi	cdecl	wstr	-	-	0
1644	_wtoi64	cdecl	wstr	ret64	-	0
1645	_wtol	cdecl	wstr	-	-	0
1646	abs	cdecl	long	-	-	0
1647	atan	cdecl	double	-	-	0
1648	atan2	cdecl	double,double	-	-	0
1649	atoi	cdecl	str	-	-	0
1650	atol	cdecl	str	-	-	0
1651	bsearch	cdecl	ptr,ptr,long,long,ptr	-	-	0
1652	bsearch_s	cdecl	ptr,ptr,long,long,ptr,ptr	-	-	0
1653	ceil	cdecl	double	-	-	0
1654	cos	cdecl	double	-	-	0
1655	fabs	cdecl	double	-	-	0
1656	floor	cdecl	double	-	-	0
1657	isalnum	cdecl	long	-	-	0
1658	isalpha	cdecl	long	-	-	0
1659	iscntrl	cdecl	long	-	-	0
1660	isdigit	cdecl	long	-	-	0
1661	isgraph	cdecl	long	-	-	0
1662	islower	cdecl	long	-	-	0
1663	isprint	cdecl	long	-	-	0
1664	ispunct	cdecl	long	-	-	0
1665	isspace	cdecl	long	-	-	0
1666	isupper	cdecl	long	-	-	0
1667	iswalnum	cdecl	long	-	-	0
1668	iswalpha	cdecl	long	-	-	0
1669	iswascii	cdecl	long	-	-	0
1670	iswctype	cdecl	long,long	-	-	0
1671	iswdigit	cdecl	long	-	-	0
1672	iswgraph	cdecl	long	-	-	0
1673	iswlower	cdecl	long	-	-	0
1674	iswprint	cdecl	long	-	-	0
1675	iswspace	cdecl	long	-	-	0
1676	iswxdigit	cdecl	long	-	-	0
1677	isxdigit	cdecl	long	-	-	0
1678	labs	cdecl	long	-	abs	0
1679	log	cdecl	double	-	-	0
1680	longjmp	cdecl	ptr,long	arch=!i386	NTDLL_longjmp	0
1681	mbstowcs	cdecl	ptr,str,long	-	-	0
1682	memchr	cdecl	ptr,long,long	-	-	0
1683	memcmp	cdecl	ptr,ptr,long	-	-	0
1684	memcpy	cdecl	ptr,ptr,long	-	-	0
1685	memcpy_s	cdecl	ptr,long,ptr,long	-	-	0
1686	memmove	cdecl	ptr,ptr,long	-	-	0
1687	memmove_s	cdecl	ptr,long,ptr,long	-	-	0
1688	memset	cdecl	ptr,long,long	-	-	0
1689	pow	cdecl	double,double	-	-	0
1690	qsort	cdecl	ptr,long,long,ptr	-	-	0
1691	qsort_s	cdecl	ptr,long,long,ptr,ptr	-	-	0
1692	sin	cdecl	double	-	-	0
1693	sprintf	varargs	ptr,str	-	NTDLL_sprintf	0
1694	sprintf_s	varargs	ptr,long,str	-	-	0
1695	sqrt	cdecl	double	-	-	0
1696	sscanf	varargs	str,str	-	-	0
1697	strcat	cdecl	str,str	-	-	0
1698	strcat_s	cdecl	str,long,str	-	-	0
1699	strchr	cdecl	str,long	-	-	0
1700	strcmp	cdecl	str,str	-	-	0
1701	strcpy	cdecl	ptr,str	-	-	0
1702	strcpy_s	cdecl	ptr,long,str	-	-	0
1703	strcspn	cdecl	str,str	-	-	0
1704	strlen	cdecl	str	-	-	0
1705	strncat	cdecl	str,str,long	-	-	0
1706	strncat_s	cdecl	str,long,str,long	-	-	0
1707	strncmp	cdecl	str,str,long	-	-	0
1708	strncpy	cdecl	ptr,str,long	-	-	0
1709	strncpy_s	cdecl	ptr,long,str,long	-	-	0
1710	strnlen	cdecl	ptr,long	-	-	0
1711	strpbrk	cdecl	str,str	-	-	0
1712	strrchr	cdecl	str,long	-	-	0
1713	strspn	cdecl	str,str	-	-	0
1714	strstr	cdecl	str,str	-	-	0
1715	strtok_s	cdecl	str,str,ptr	-	-	0
1716	strtol	cdecl	str,ptr,long	-	-	0
1717	strtoul	cdecl	str,ptr,long	-	-	0
1718	swprintf	varargs	ptr,wstr	-	NTDLL_swprintf	0
1719	swprintf_s	varargs	ptr,long,wstr	-	-	0
1720	tan	cdecl	double	-	-	0
1721	tolower	cdecl	long	-	-	0
1722	toupper	cdecl	long	-	-	0
1723	towlower	cdecl	long	-	-	0
1724	towupper	cdecl	long	-	-	0
1725	vDbgPrintEx	stdcall	long,long,str,ptr	-	-	0
1726	vDbgPrintExWithPrefix	stdcall	str,long,long,str,ptr	-	-	0
1727	vsprintf	cdecl	ptr,str,ptr	-	-	0
1728	vsprintf_s	cdecl	ptr,long,str,ptr	-	-	0
1729	vswprintf_s	cdecl	ptr,long,wstr,ptr	-	-	0
1730	wcscat	cdecl	wstr,wstr	-	-	0
1731	wcscat_s	cdecl	wstr,long,wstr	-	-	0
1732	wcschr	cdecl	wstr,long	-	-	0
1733	wcscmp	cdecl	wstr,wstr	-	-	0
1734	wcscpy	cdecl	ptr,wstr	-	-	0
1735	wcscpy_s	cdecl	ptr,long,wstr	-	-	0
1736	wcscspn	cdecl	wstr,wstr	-	-	0
1737	wcslen	cdecl	wstr	-	-	0
1738	wcsncat	cdecl	wstr,wstr,long	-	-	0
1739	wcsncat_s	cdecl	wstr,long,wstr,long	-	-	0
1740	wcsncmp	cdecl	wstr,wstr,long	-	-	0
1741	wcsncpy	cdecl	ptr,wstr,long	-	-	0
1742	wcsncpy_s	cdecl	ptr,long,wstr,long	-	-	0
1743	wcsnlen	cdecl	ptr,long	-	-	0
1744	wcspbrk	cdecl	wstr,wstr	-	-	0
1745	wcsrchr	cdecl	wstr,long	-	-	0
1746	wcsspn	cdecl	wstr,wstr	-	-	0
1747	wcsstr	cdecl	wstr,wstr	-	-	0
1748	wcstok	cdecl	wstr,wstr	-	-	0
1749	wcstok_s	cdecl	wstr,wstr,ptr	-	-	0
1750	wcstol	cdecl	wstr,ptr,long	-	-	0
1751	wcstombs	cdecl	ptr,ptr,long	-	-	0
1752	wcstoul	cdecl	wstr,ptr,long	-	-	0
1782	wine_get_build_id	cdecl	-	-	-	1
1783	wine_get_host_version	cdecl	ptr,ptr	-	-	1
1781	wine_get_version	cdecl	-	-	-	1
1761	wine_server_call	cdecl	ptr	norelay	-	1
1762	wine_server_fd_to_handle	cdecl	long,long,long,ptr	-	-	1
1763	wine_server_handle_to_fd	cdecl	long,long,ptr,ptr	-	-	1
